MODEL,PROVIDER,SUCCESS,PERFORMANCE_RANK,CLUSTER_ID,CLUSTER_TITLE,CLUSTER_MESSAGES,CLUSTER_PARTICIPANTS,COVERAGE_PERCENTAGE,TOTAL_CLUSTERS,AVG_CLUSTER_SIZE,MAX_CLUSTER_SIZE,MIN_CLUSTER_SIZE,TOTAL_MESSAGES_CLUSTERED,DURATION_SECONDS,TOTAL_COST_USD,TOTAL_TOKENS,INPUT_TOKENS,OUTPUT_TOKENS,COST_PER_INPUT_TOKEN,COST_PER_OUTPUT_TOKEN,COST_PER_TOTAL_TOKEN,TOKEN_COST,ACCURACY,SIMILARITY,MESSAGE_IDS,PROJECT_TOPIC,CLUSTER_TYPE,TEAM_SIZE,PROCESSING_SPEED_MSGS_PER_SEC,COST_PER_MESSAGE,COST_PER_CLUSTER,CLUSTER_DENSITY,CLUSTER_BALANCE_SCORE,OVERALL_MODEL_SCORE
claude-3-haiku-20240307,Unknown,False,FAILED,0,N/A,0,N/A,0.0,0,0,0,0,0,0,0.0,0,0,0,0.0,0.0,0.0,0.0,0.0,0.0,0.0,0.0,0.0,0.0,0.0,0.0,0.0,0.0,0.0,0.0
claude-3-opus-20240229,Unknown,False,FAILED,0,N/A,0,N/A,0.0,0,0,0,0,0,0,0.0,0,0,0,0.0,0.0,0.0,0.0,0.0,0.0,0.0,0.0,0.0,0.0,0.0,0.0,0.0,0.0,0.0,0.0
claude-3-sonnet-20240229,Unknown,False,FAILED,0,N/A,0,N/A,0.0,0,0,0,0,0,0,0.0,0,0,0,0.0,0.0,0.0,0.0,0.0,0.0,0.0,0.0,0.0,0.0,0.0,0.0,0.0,0.0,0.0,0.0
gemini-1.5-flash,Unknown,True,7,1,EcoBloom Summer Campaign: Planning & Revisions,44,Devon; Sam; Leah; Jordan,100.0,7,42.86,68,25,300,15.37,0.002535,27554,25474,2080,0.000075,0.000300,0.000092,0.002535,0.85,0.90,EcoBloom Campaign,Planning,4,19.52,0.000037,0.000058,0.88,0.97,147.58
gemini-1.5-flash,Unknown,True,7,2,"FitFusion Rebranding Project: Design, Messaging & Legal",60,Devon; Sam; Leah; Jordan,100.0,7,42.86,68,25,300,15.37,0.002535,27554,25474,2080,7e-08,0.000000,0.000000,0.000000,0.002535,0.85,0.90,FitFusion Rebranding,Legal Review,4,19.52,0.000008,0.000042,1.2,0.6,147.58
gemini-1.5-flash,Unknown,True,7,3,"TechNova Product Launch: Campaign, Budget & Product Descriptions",68,Devon; Sam; Leah; Jordan,100.0,7,42.86,68,25,300,15.37,0.002535,27554,25474,2080,7e-08,0.000000,0.000000,0.000000,0.002535,0.85,0.90,TechNova Launch,Budget Planning,4,19.52,0.000008,0.000037,1.36,0.41,147.58
gemini-1.5-flash,Unknown,True,7,4,"GreenScape Sustainability Report: Content, Design & Legal",37,Devon; Sam; Leah; Jordan,100.0,7,42.86,68,25,300,15.37,0.002535,27554,25474,2080,7e-08,0.000000,0.000000,0.000000,0.002535,0.85,0.90,GreenScape Report,Legal Review,4,19.52,0.000008,0.000069,0.74,0.86,147.58
gemini-1.5-flash,Unknown,True,7,5,UrbanEdge Social Media Strategy & Market Research,37,Devon; Sam; Leah; Jordan,100.0,7,42.86,68,25,300,15.37,0.002535,27554,25474,2080,7e-08,0.000000,0.000000,0.000000,0.002535,0.85,0.90,UrbanEdge Strategy,Strategy,4,19.52,0.000008,0.000069,0.74,0.86,147.58
gemini-1.5-flash,Unknown,True,7,6,Q3 Content Calendar Development,25,Devon; Sam; Leah; Jordan,100.0,7,42.86,68,25,300,15.37,0.002535,27554,25474,2080,7e-08,0.000000,0.000000,0.000000,0.002535,0.85,0.90,Q3 Content Calendar,Content Planning,4,19.52,0.000008,0.000101,0.5,0.58,147.58
gemini-1.5-flash,Unknown,True,7,7,GreenScape Sustainability Report Deadline Extension,29,Devon; Sam; Leah; Jordan,100.0,7,42.86,68,25,300,15.37,0.002535,27554,25474,2080,7e-08,0.000000,0.000000,0.000000,0.002535,0.85,0.90,GreenScape Report,Sustainability,4,19.52,0.000008,0.000087,0.58,0.68,147.58
gemini-1.5-flash-002,Unknown,True,5,1,EcoBloom Summer Campaign: Planning & Client Revisions,44,Devon; Sam; Leah; Jordan,100.0,7,42.86,68,25,300,14.74,0.002535,27555,25474,2081,7e-08,0.000000,0.000000,0.000000,0.002535,0.85,0.90,EcoBloom Campaign,Planning,4,20.35,0.000008,0.000058,0.88,0.97,151.74
gemini-1.5-flash-002,Unknown,True,5,2,"FitFusion Rebranding Project: Design, Messaging & Legal",60,Devon; Sam; Leah; Jordan,100.0,7,42.86,68,25,300,14.74,0.002535,27555,25474,2081,7e-08,0.000000,0.000000,0.000000,0.002535,0.85,0.90,FitFusion Rebranding,Legal Review,4,20.35,0.000008,0.000042,1.2,0.6,151.74
gemini-1.5-flash-002,Unknown,True,5,3,"TechNova Product Launch: Campaign, Budget & Product Descriptions",68,Devon; Sam; Leah; Jordan,100.0,7,42.86,68,25,300,14.74,0.002535,27555,25474,2081,7e-08,0.000000,0.000000,0.000000,0.002535,0.85,0.90,TechNova Launch,Budget Planning,4,20.35,0.000008,0.000037,1.36,0.41,151.74
gemini-1.5-flash-002,Unknown,True,5,4,"GreenScape Sustainability Report: Content, Design & Legal",37,Devon; Sam; Leah; Jordan,100.0,7,42.86,68,25,300,14.74,0.002535,27555,25474,2081,7e-08,0.000000,0.000000,0.000000,0.002535,0.85,0.90,GreenScape Report,Legal Review,4,20.35,0.000008,0.000069,0.74,0.86,151.74
gemini-1.5-flash-002,Unknown,True,5,5,UrbanEdge Social Media Strategy & Market Research,37,Devon; Sam; Leah; Jordan,100.0,7,42.86,68,25,300,14.74,0.002535,27555,25474,2081,7e-08,0.000000,0.000000,0.000000,0.002535,0.85,0.90,UrbanEdge Strategy,Strategy,4,20.35,0.000008,0.000069,0.74,0.86,151.74
gemini-1.5-flash-002,Unknown,True,5,6,Q3 Content Calendar Development,25,Devon; Sam; Leah; Jordan,100.0,7,42.86,68,25,300,14.74,0.002535,27555,25474,2081,7e-08,0.000000,0.000000,0.000000,0.002535,0.85,0.90,Q3 Content Calendar,Content Planning,4,20.35,0.000008,0.000101,0.5,0.58,151.74
gemini-1.5-flash-002,Unknown,True,5,7,GreenScape Sustainability Report Deadline Extension,29,Devon; Sam; Leah; Jordan,100.0,7,42.86,68,25,300,14.74,0.002535,27555,25474,2081,7e-08,0.000000,0.000000,0.000000,0.002535,0.85,0.90,GreenScape Report,Sustainability,4,20.35,0.000008,0.000087,0.58,0.68,151.74
gemini-1.5-flash-8b,Unknown,True,2,1,EcoBloom Summer Campaign Project Updates and Revisions,44,Devon; Sam; Leah; Jordan,90.67,9,30.22,61,14,272,10.38,0.001265,27541,25474,2067,4e-08,0.000000,0.000000,0.000000,0.001265,0.85,0.90,EcoBloom Campaign,Revisions,4,26.2,0.000005,0.000029,0.88,0.54,176.32
gemini-1.5-flash-8b,Unknown,True,2,2,FitFusion Rebranding Project,14,Devon; Sam; Leah; Jordan,90.67,9,30.22,61,14,272,10.38,0.001265,27541,25474,2067,4e-08,0.000000,0.000000,0.000000,0.001265,0.85,0.90,FitFusion Rebranding,Rebranding,4,26.2,0.000005,0.000090,0.28,0.46,176.32
gemini-1.5-flash-8b,Unknown,True,2,3,TechNova Product Launch Campaign,15,Devon; Sam; Leah; Jordan,90.67,9,30.22,61,14,272,10.38,0.001265,27541,25474,2067,4e-08,0.000000,0.000000,0.000000,0.001265,0.85,0.90,TechNova Launch,Product Launch,4,26.2,0.000005,0.000084,0.3,0.5,176.32
gemini-1.5-flash-8b,Unknown,True,2,4,GreenScape Sustainability Report Project,61,Devon; Leah; Sam; Jordan,90.67,9,30.22,61,14,272,10.38,0.001265,27541,25474,2067,4e-08,0.000000,0.000000,0.000000,0.001265,0.85,0.90,GreenScape Report,Sustainability,4,26.2,0.000005,0.000021,1.22,-0.02,176.32
gemini-1.5-flash-8b,Unknown,True,2,5,UrbanEdge Social Media Strategy,15,Devon; Leah; Sam; Jordan,90.67,9,30.22,61,14,272,10.38,0.001265,27541,25474,2067,4e-08,0.000000,0.000000,0.000000,0.001265,0.85,0.90,UrbanEdge Strategy,Strategy,4,26.2,0.000005,0.000084,0.3,0.5,176.32
gemini-1.5-flash-8b,Unknown,True,2,6,FitFusion Brand Guidelines Project,45,Devon; Sam; Leah; Jordan,90.67,9,30.22,61,14,272,10.38,0.001265,27541,25474,2067,4e-08,0.000000,0.000000,0.000000,0.001265,0.85,0.90,FitFusion Rebranding,General,4,26.2,0.000005,0.000028,0.9,0.51,176.32
gemini-1.5-flash-8b,Unknown,True,2,7,Q3 Content Calendar Project,25,Devon; Leah; Sam; Jordan,90.67,9,30.22,61,14,272,10.38,0.001265,27541,25474,2067,4e-08,0.000000,0.000000,0.000000,0.001265,0.85,0.90,Q3 Content Calendar,Content Planning,4,26.2,0.000005,0.000051,0.5,0.83,176.32
gemini-1.5-flash-8b,Unknown,True,2,8,TechNova Budget Project,31,Devon; Sam; Leah; Jordan,90.67,9,30.22,61,14,272,10.38,0.001265,27541,25474,2067,4e-08,0.000000,0.000000,0.000000,0.001265,0.85,0.90,TechNova Launch,Budget Planning,4,26.2,0.000005,0.000041,0.62,0.97,176.32
gemini-1.5-flash-8b,Unknown,True,2,9,TechNova Product Descriptions Project,22,Devon; Leah; Sam; Jordan,90.67,9,30.22,61,14,272,10.38,0.001265,27541,25474,2067,4e-08,0.000000,0.000000,0.000000,0.001265,0.85,0.90,TechNova Launch,General,4,26.2,0.000005,0.000058,0.44,0.73,176.32
gemini-1.5-flash-latest,Unknown,True,6,1,EcoBloom Summer Campaign: Planning & Revisions,44,Devon; Sam; Leah; Jordan,100.0,7,42.86,68,25,300,14.97,0.002535,27554,25474,2080,7e-08,0.000000,0.000000,0.000000,0.002535,0.85,0.90,EcoBloom Campaign,Planning,4,20.04,0.000008,0.000058,0.88,0.97,150.18
gemini-1.5-flash-latest,Unknown,True,6,2,"FitFusion Rebranding Project: Design, Messaging & Legal",60,Devon; Sam; Leah; Jordan,100.0,7,42.86,68,25,300,14.97,0.002535,27554,25474,2080,7e-08,0.000000,0.000000,0.000000,0.002535,0.85,0.90,FitFusion Rebranding,Legal Review,4,20.04,0.000008,0.000042,1.2,0.6,150.18
gemini-1.5-flash-latest,Unknown,True,6,3,"TechNova Product Launch: Campaign, Budget & Product Descriptions",68,Devon; Sam; Leah; Jordan,100.0,7,42.86,68,25,300,14.97,0.002535,27554,25474,2080,7e-08,0.000000,0.000000,0.000000,0.002535,0.85,0.90,TechNova Launch,Budget Planning,4,20.04,0.000008,0.000037,1.36,0.41,150.18
gemini-1.5-flash-latest,Unknown,True,6,4,"GreenScape Sustainability Report: Content, Design & Legal",37,Devon; Sam; Leah; Jordan,100.0,7,42.86,68,25,300,14.97,0.002535,27554,25474,2080,7e-08,0.000000,0.000000,0.000000,0.002535,0.85,0.90,GreenScape Report,Legal Review,4,20.04,0.000008,0.000069,0.74,0.86,150.18
gemini-1.5-flash-latest,Unknown,True,6,5,UrbanEdge Social Media Strategy & Market Research,37,Devon; Sam; Leah; Jordan,100.0,7,42.86,68,25,300,14.97,0.002535,27554,25474,2080,7e-08,0.000000,0.000000,0.000000,0.002535,0.85,0.90,UrbanEdge Strategy,Strategy,4,20.04,0.000008,0.000069,0.74,0.86,150.18
gemini-1.5-flash-latest,Unknown,True,6,6,Q3 Content Calendar Development,25,Devon; Sam; Leah; Jordan,100.0,7,42.86,68,25,300,14.97,0.002535,27554,25474,2080,7e-08,0.000000,0.000000,0.000000,0.002535,0.85,0.90,Q3 Content Calendar,Content Planning,4,20.04,0.000008,0.000101,0.5,0.58,150.18
gemini-1.5-flash-latest,Unknown,True,6,7,GreenScape Sustainability Report Deadline Extension,29,Devon; Sam; Leah; Jordan,100.0,7,42.86,68,25,300,14.97,0.002535,27554,25474,2080,7e-08,0.000000,0.000000,0.000000,0.002535,0.85,0.90,GreenScape Report,Sustainability,4,20.04,0.000008,0.000087,0.58,0.68,150.18
gemini-1.5-pro,Unknown,True,11,1,EcoBloom Summer Campaign: Initial Planning and Deadlines,13,Devon; Sam; Leah; Jordan,100.0,15,20.0,31,13,300,30.52,0.045408,28187,25474,2713,0.001250,0.005000,0.001645,0.045408,0.85,0.90,EcoBloom Campaign,Planning,4,9.83,0.000151,0.003493,0.26,0.65,99.15
gemini-1.5-pro,Unknown,True,11,2,FitFusion Rebranding Project Kickoff and Initial Planning,15,Devon; Sam; Leah; Jordan,100.0,15,20.0,31,13,300,30.52,0.045408,28187,25474,2713,1.25e-06,0.000001,0.000005,0.000002,0.045408,0.85,0.90,FitFusion Rebranding,Planning,4,9.83,0.000151,0.003027,0.3,0.75,99.15
gemini-1.5-pro,Unknown,True,11,3,TechNova New Product Launch: Initial Planning and Deadlines,15,Devon; Sam; Leah; Jordan,100.0,15,20.0,31,13,300,30.52,0.045408,28187,25474,2713,1.25e-06,0.000001,0.000005,0.000002,0.045408,0.85,0.90,TechNova Launch,Planning,4,9.83,0.000151,0.003027,0.3,0.75,99.15
gemini-1.5-pro,Unknown,True,11,4,GreenScape Sustainability Report: Initial Planning and Data Collection,15,Devon; Leah; Sam; Jordan,100.0,15,20.0,31,13,300,30.52,0.045408,28187,25474,2713,1.25e-06,0.000001,0.000005,0.000002,0.045408,0.85,0.90,GreenScape Report,Planning,4,9.83,0.000151,0.003027,0.3,0.75,99.15
gemini-1.5-pro,Unknown,True,11,5,UrbanEdge Social Media Strategy Development,15,Devon; Leah; Sam; Jordan,100.0,15,20.0,31,13,300,30.52,0.045408,28187,25474,2713,1.25e-06,0.000001,0.000005,0.000002,0.045408,0.85,0.90,UrbanEdge Strategy,Strategy,4,9.83,0.000151,0.003027,0.3,0.75,99.15
gemini-1.5-pro,Unknown,True,11,6,EcoBloom Summer Campaign: Design Revisions and Client Feedback,15,Devon; Sam; Leah; Jordan,100.0,15,20.0,31,13,300,30.52,0.045408,28187,25474,2713,1.25e-06,0.000001,0.000005,0.000002,0.045408,0.85,0.90,EcoBloom Campaign,Revisions,4,9.83,0.000151,0.003027,0.3,0.75,99.15
gemini-1.5-pro,Unknown,True,11,7,FitFusion Rebranding: Legal Review and Tagline Revisions,23,Devon; Sam; Leah; Jordan,100.0,15,20.0,31,13,300,30.52,0.045408,28187,25474,2713,1.25e-06,0.000001,0.000005,0.000002,0.045408,0.85,0.90,FitFusion Rebranding,Legal Review,4,9.83,0.000151,0.001974,0.46,0.85,99.15
gemini-1.5-pro,Unknown,True,11,8,Q3 Content Calendar Development and Planning,25,Devon; Leah; Sam; Jordan,100.0,15,20.0,31,13,300,30.52,0.045408,28187,25474,2713,1.25e-06,0.000001,0.000005,0.000002,0.045408,0.85,0.90,Q3 Content Calendar,Planning,4,9.83,0.000151,0.001816,0.5,0.75,99.15
gemini-1.5-pro,Unknown,True,11,9,TechNova Product Launch Campaign Budget Finalization,31,Devon; Sam; Leah; Jordan,100.0,15,20.0,31,13,300,30.52,0.045408,28187,25474,2713,1.25e-06,0.000001,0.000005,0.000002,0.045408,0.85,0.90,TechNova Launch,Budget Planning,4,9.83,0.000151,0.001465,0.62,0.45,99.15
gemini-1.5-pro,Unknown,True,11,10,GreenScape Sustainability Report Deadline Extension and Project Impact,29,Devon; Leah; Sam; Jordan,100.0,15,20.0,31,13,300,30.52,0.045408,28187,25474,2713,1.25e-06,0.000001,0.000005,0.000002,0.045408,0.85,0.90,GreenScape Report,Sustainability,4,9.83,0.000151,0.001566,0.58,0.55,99.15
gemini-1.5-pro,Unknown,True,11,11,EcoBloom Summer Campaign: Final Design Review and Client Submission,16,Devon; Sam; Leah; Jordan,100.0,15,20.0,31,13,300,30.52,0.045408,28187,25474,2713,1.25e-06,0.000001,0.000005,0.000002,0.045408,0.85,0.90,EcoBloom Campaign,Legal Review,4,9.83,0.000151,0.002838,0.32,0.8,99.15
gemini-1.5-pro,Unknown,True,11,12,FitFusion Rebranding: Brand Guidelines Development and Legal Review,22,Devon; Sam; Leah; Jordan,100.0,15,20.0,31,13,300,30.52,0.045408,28187,25474,2713,1.25e-06,0.000001,0.000005,0.000002,0.045408,0.85,0.90,FitFusion Rebranding,Legal Review,4,9.83,0.000151,0.002064,0.44,0.9,99.15
gemini-1.5-pro,Unknown,True,11,13,TechNova Product Launch: Product Descriptions and Compliance Review,22,Devon; Leah; Sam; Jordan,100.0,15,20.0,31,13,300,30.52,0.045408,28187,25474,2713,1.25e-06,0.000001,0.000005,0.000002,0.045408,0.85,0.90,TechNova Launch,Legal Review,4,9.83,0.000151,0.002064,0.44,0.9,99.15
gemini-1.5-pro,Unknown,True,11,14,GreenScape Sustainability Report: Data Visualization Development and Review,22,Devon; Sam; Leah; Jordan,100.0,15,20.0,31,13,300,30.52,0.045408,28187,25474,2713,1.25e-06,0.000001,0.000005,0.000002,0.045408,0.85,0.90,GreenScape Report,Legal Review,4,9.83,0.000151,0.002064,0.44,0.9,99.15
gemini-1.5-pro,Unknown,True,11,15,UrbanEdge Market Expansion: Market Research and Compliance Review,22,Devon; Leah; Sam; Jordan,100.0,15,20.0,31,13,300,30.52,0.045408,28187,25474,2713,1.25e-06,0.000001,0.000005,0.000002,0.045408,0.85,0.90,UrbanEdge Strategy,Legal Review,4,9.83,0.000151,0.002064,0.44,0.9,99.15
gemini-1.5-pro-002,Unknown,True,10,1,EcoBloom Summer Campaign,44,Devon; Sam; Leah; Jordan,100.0,6,50.0,68,25,300,28.35,0.042758,27657,25474,2183,1.25e-06,0.000001,0.000005,0.000002,0.042758,0.85,0.90,EcoBloom Campaign,General,4,10.58,0.000143,0.000972,0.88,0.88,102.9
gemini-1.5-pro-002,Unknown,True,10,2,FitFusion Rebranding Project,60,Devon; Sam; Leah; Jordan,100.0,6,50.0,68,25,300,28.35,0.042758,27657,25474,2183,1.25e-06,0.000001,0.000005,0.000002,0.042758,0.85,0.90,FitFusion Rebranding,Rebranding,4,10.58,0.000143,0.000713,1.2,0.8,102.9
gemini-1.5-pro-002,Unknown,True,10,3,TechNova Product Launch,68,Devon; Sam; Leah; Jordan,100.0,6,50.0,68,25,300,28.35,0.042758,27657,25474,2183,1.25e-06,0.000001,0.000005,0.000002,0.042758,0.85,0.90,TechNova Launch,Product Launch,4,10.58,0.000143,0.000629,1.36,0.64,102.9
gemini-1.5-pro-002,Unknown,True,10,4,GreenScape Sustainability Report,66,Devon; Sam; Leah; Jordan,100.0,6,50.0,68,25,300,28.35,0.042758,27657,25474,2183,1.25e-06,0.000001,0.000005,0.000002,0.042758,0.85,0.90,GreenScape Report,Sustainability,4,10.58,0.000143,0.000648,1.32,0.68,102.9
gemini-1.5-pro-002,Unknown,True,10,5,UrbanEdge Social Media Strategy and Market Research,37,Devon; Sam; Leah; Jordan,100.0,6,50.0,68,25,300,28.35,0.042758,27657,25474,2183,1.25e-06,0.000001,0.000005,0.000002,0.042758,0.85,0.90,UrbanEdge Strategy,Strategy,4,10.58,0.000143,0.001156,0.74,0.74,102.9
gemini-1.5-pro-002,Unknown,True,10,6,Q3 Content Calendar Planning,25,Devon; Sam; Leah; Jordan,100.0,6,50.0,68,25,300,28.35,0.042758,27657,25474,2183,1.25e-06,0.000001,0.000005,0.000002,0.042758,0.85,0.90,Q3 Content Calendar,Planning,4,10.58,0.000143,0.001710,0.5,0.5,102.9
gemini-1.5-pro-latest,Unknown,True,12,1,EcoBloom Summer Campaign: Initial Planning and Deadlines,13,Devon; Sam; Leah; Jordan,100.0,15,20.0,31,13,300,30.55,0.045438,28193,25474,2719,1.25e-06,0.000001,0.000005,0.000002,0.045438,0.85,0.90,EcoBloom Campaign,Planning,4,9.82,0.000151,0.003495,0.26,0.65,99.11
gemini-1.5-pro-latest,Unknown,True,12,2,FitFusion Rebranding Project: Kickoff and Initial Planning,15,Devon; Sam; Leah; Jordan,100.0,15,20.0,31,13,300,30.55,0.045438,28193,25474,2719,1.25e-06,0.000001,0.000005,0.000002,0.045438,0.85,0.90,FitFusion Rebranding,Planning,4,9.82,0.000151,0.003029,0.3,0.75,99.11
gemini-1.5-pro-latest,Unknown,True,12,3,TechNova Product Launch: Initial Planning and Deadlines,15,Devon; Sam; Leah; Jordan,100.0,15,20.0,31,13,300,30.55,0.045438,28193,25474,2719,1.25e-06,0.000001,0.000005,0.000002,0.045438,0.85,0.90,TechNova Launch,Planning,4,9.82,0.000151,0.003029,0.3,0.75,99.11
gemini-1.5-pro-latest,Unknown,True,12,4,GreenScape Sustainability Report: Initial Planning and Requirements,15,Devon; Leah; Sam; Jordan,100.0,15,20.0,31,13,300,30.55,0.045438,28193,25474,2719,1.25e-06,0.000001,0.000005,0.000002,0.045438,0.85,0.90,GreenScape Report,Planning,4,9.82,0.000151,0.003029,0.3,0.75,99.11
gemini-1.5-pro-latest,Unknown,True,12,5,UrbanEdge Social Media Strategy: Planning and Development,15,Devon; Leah; Sam; Jordan,100.0,15,20.0,31,13,300,30.55,0.045438,28193,25474,2719,1.25e-06,0.000001,0.000005,0.000002,0.045438,0.85,0.90,UrbanEdge Strategy,Planning,4,9.82,0.000151,0.003029,0.3,0.75,99.11
gemini-1.5-pro-latest,Unknown,True,12,6,EcoBloom Summer Campaign: Design Revisions and Client Feedback,15,Devon; Sam; Leah; Jordan,100.0,15,20.0,31,13,300,30.55,0.045438,28193,25474,2719,1.25e-06,0.000001,0.000005,0.000002,0.045438,0.85,0.90,EcoBloom Campaign,Revisions,4,9.82,0.000151,0.003029,0.3,0.75,99.11
gemini-1.5-pro-latest,Unknown,True,12,7,FitFusion Rebranding: Legal Review and Tagline Revisions,23,Devon; Jordan; Sam; Leah,100.0,15,20.0,31,13,300,30.55,0.045438,28193,25474,2719,1.25e-06,0.000001,0.000005,0.000002,0.045438,0.85,0.90,FitFusion Rebranding,Legal Review,4,9.82,0.000151,0.001976,0.46,0.85,99.11
gemini-1.5-pro-latest,Unknown,True,12,8,Q3 Content Calendar Planning and Development,25,Devon; Leah; Sam; Jordan,100.0,15,20.0,31,13,300,30.55,0.045438,28193,25474,2719,1.25e-06,0.000001,0.000005,0.000002,0.045438,0.85,0.90,Q3 Content Calendar,Planning,4,9.82,0.000151,0.001818,0.5,0.75,99.11
gemini-1.5-pro-latest,Unknown,True,12,9,TechNova Product Launch: Budget Planning and Finalization,31,Devon; Sam; Leah; Jordan,100.0,15,20.0,31,13,300,30.55,0.045438,28193,25474,2719,1.25e-06,0.000001,0.000005,0.000002,0.045438,0.85,0.90,TechNova Launch,Planning,4,9.82,0.000151,0.001466,0.62,0.45,99.11
gemini-1.5-pro-latest,Unknown,True,12,10,GreenScape Sustainability Report: Deadline Extension and Project Impact,29,Devon; Leah; Sam; Jordan,100.0,15,20.0,31,13,300,30.55,0.045438,28193,25474,2719,1.25e-06,0.000001,0.000005,0.000002,0.045438,0.85,0.90,GreenScape Report,Sustainability,4,9.82,0.000151,0.001567,0.58,0.55,99.11
gemini-1.5-pro-latest,Unknown,True,12,11,EcoBloom Summer Campaign: Final Design Review and Client Submission,16,Devon; Sam; Leah; Jordan,100.0,15,20.0,31,13,300,30.55,0.045438,28193,25474,2719,1.25e-06,0.000001,0.000005,0.000002,0.045438,0.85,0.90,EcoBloom Campaign,Legal Review,4,9.82,0.000151,0.002840,0.32,0.8,99.11
gemini-1.5-pro-latest,Unknown,True,12,12,FitFusion Rebranding: Brand Guidelines Development and Legal Review,22,Devon; Sam; Leah; Jordan,100.0,15,20.0,31,13,300,30.55,0.045438,28193,25474,2719,1.25e-06,0.000001,0.000005,0.000002,0.045438,0.85,0.90,FitFusion Rebranding,Legal Review,4,9.82,0.000151,0.002065,0.44,0.9,99.11
gemini-1.5-pro-latest,Unknown,True,12,13,TechNova Product Launch: Product Description Development and Compliance Review,22,Devon; Leah; Sam; Jordan,100.0,15,20.0,31,13,300,30.55,0.045438,28193,25474,2719,1.25e-06,0.000001,0.000005,0.000002,0.045438,0.85,0.90,TechNova Launch,Legal Review,4,9.82,0.000151,0.002065,0.44,0.9,99.11
gemini-1.5-pro-latest,Unknown,True,12,14,GreenScape Sustainability Report: Data Visualization Development and Review,22,Devon; Sam; Leah; Jordan,100.0,15,20.0,31,13,300,30.55,0.045438,28193,25474,2719,1.25e-06,0.000001,0.000005,0.000002,0.045438,0.85,0.90,GreenScape Report,Legal Review,4,9.82,0.000151,0.002065,0.44,0.9,99.11
gemini-1.5-pro-latest,Unknown,True,12,15,UrbanEdge Market Expansion: Market Research and Compliance Review,22,Devon; Leah; Sam; Jordan,100.0,15,20.0,31,13,300,30.55,0.045438,28193,25474,2719,1.25e-06,0.000001,0.000005,0.000002,0.045438,0.85,0.90,UrbanEdge Strategy,Legal Review,4,9.82,0.000151,0.002065,0.44,0.9,99.11
gemini-2.0-flash,Unknown,True,9,1,EcoBloom Summer Campaign - Initial Planning and Timeline,13,Devon; Sam; Leah; Jordan,100.0,15,20.0,31,13,300,19.22,0.003843,28714,25474,3240,5e-07,0.000000,0.000000,0.000000,0.003843,0.85,0.90,EcoBloom Campaign,Planning,4,15.61,0.000013,0.000296,0.26,0.65,128.06
gemini-2.0-flash,Unknown,True,9,2,FitFusion Rebranding Project - Initial Planning and Timeline,15,Devon; Sam; Leah; Jordan,100.0,15,20.0,31,13,300,19.22,0.003843,28714,25474,3240,5e-07,0.000000,0.000000,0.000000,0.003843,0.85,0.90,FitFusion Rebranding,Planning,4,15.61,0.000013,0.000256,0.3,0.75,128.06
gemini-2.0-flash,Unknown,True,9,3,TechNova Product Launch Campaign - Initial Planning and Timeline,15,Devon; Sam; Leah; Jordan,100.0,15,20.0,31,13,300,19.22,0.003843,28714,25474,3240,5e-07,0.000000,0.000000,0.000000,0.003843,0.85,0.90,TechNova Launch,Planning,4,15.61,0.000013,0.000256,0.3,0.75,128.06
gemini-2.0-flash,Unknown,True,9,4,GreenScape Sustainability Report - Planning and Timeline,15,Devon; Sam; Leah; Jordan,100.0,15,20.0,31,13,300,19.22,0.003843,28714,25474,3240,5e-07,0.000000,0.000000,0.000000,0.003843,0.85,0.90,GreenScape Report,Planning,4,15.61,0.000013,0.000256,0.3,0.75,128.06
gemini-2.0-flash,Unknown,True,9,5,UrbanEdge Social Media Strategy - Planning and Timeline,15,Devon; Sam; Leah; Jordan,100.0,15,20.0,31,13,300,19.22,0.003843,28714,25474,3240,5e-07,0.000000,0.000000,0.000000,0.003843,0.85,0.90,UrbanEdge Strategy,Planning,4,15.61,0.000013,0.000256,0.3,0.75,128.06
gemini-2.0-flash,Unknown,True,9,6,EcoBloom Summer Campaign - Design Revisions Based on Client Feedback,15,Devon; Sam; Leah; Jordan,100.0,15,20.0,31,13,300,19.22,0.003843,28714,25474,3240,5e-07,0.000000,0.000000,0.000000,0.003843,0.85,0.90,EcoBloom Campaign,Revisions,4,15.61,0.000013,0.000256,0.3,0.75,128.06
gemini-2.0-flash,Unknown,True,9,7,FitFusion Rebranding - Legal Review and Tagline Approval,23,Jordan; Devon; Sam; Leah,100.0,15,20.0,31,13,300,19.22,0.003843,28714,25474,3240,5e-07,0.000000,0.000000,0.000000,0.003843,0.85,0.90,FitFusion Rebranding,Legal Review,4,15.61,0.000013,0.000167,0.46,0.85,128.06
gemini-2.0-flash,Unknown,True,9,8,Q3 Content Calendar Development and Finalization,25,Devon; Leah; Sam; Jordan,100.0,15,20.0,31,13,300,19.22,0.003843,28714,25474,3240,5e-07,0.000000,0.000000,0.000000,0.003843,0.85,0.90,Q3 Content Calendar,Final Design,4,15.61,0.000013,0.000154,0.5,0.75,128.06
gemini-2.0-flash,Unknown,True,9,9,TechNova Product Launch - Budget Finalization,31,Devon; Sam; Leah; Jordan,100.0,15,20.0,31,13,300,19.22,0.003843,28714,25474,3240,5e-07,0.000000,0.000000,0.000000,0.003843,0.85,0.90,TechNova Launch,Budget Planning,4,15.61,0.000013,0.000124,0.62,0.45,128.06
gemini-2.0-flash,Unknown,True,9,10,GreenScape Sustainability Report - Deadline Extension Approval and Timeline Adjustments,29,Devon; Leah; Sam; Jordan,100.0,15,20.0,31,13,300,19.22,0.003843,28714,25474,3240,5e-07,0.000000,0.000000,0.000000,0.003843,0.85,0.90,GreenScape Report,Sustainability,4,15.61,0.000013,0.000133,0.58,0.55,128.06
gemini-2.0-flash,Unknown,True,9,11,EcoBloom Summer Campaign - Final Design Approval and Submission,16,Devon; Sam; Leah; Jordan,100.0,15,20.0,31,13,300,19.22,0.003843,28714,25474,3240,5e-07,0.000000,0.000000,0.000000,0.003843,0.85,0.90,EcoBloom Campaign,Final Design,4,15.61,0.000013,0.000240,0.32,0.8,128.06
gemini-2.0-flash,Unknown,True,9,12,FitFusion Rebranding - Brand Guidelines Development and Approval,22,Devon; Sam; Leah; Jordan,100.0,15,20.0,31,13,300,19.22,0.003843,28714,25474,3240,5e-07,0.000000,0.000000,0.000000,0.003843,0.85,0.90,FitFusion Rebranding,Rebranding,4,15.61,0.000013,0.000175,0.44,0.9,128.06
gemini-2.0-flash,Unknown,True,9,13,TechNova Product Launch - Product Description Development and Compliance Review,22,Devon; Leah; Sam; Jordan,100.0,15,20.0,31,13,300,19.22,0.003843,28714,25474,3240,5e-07,0.000000,0.000000,0.000000,0.003843,0.85,0.90,TechNova Launch,Legal Review,4,15.61,0.000013,0.000175,0.44,0.9,128.06
gemini-2.0-flash,Unknown,True,9,14,GreenScape Sustainability Report - Data Visualization Development and Review,22,Devon; Sam; Leah; Jordan,100.0,15,20.0,31,13,300,19.22,0.003843,28714,25474,3240,5e-07,0.000000,0.000000,0.000000,0.003843,0.85,0.90,GreenScape Report,Legal Review,4,15.61,0.000013,0.000175,0.44,0.9,128.06
gemini-2.0-flash,Unknown,True,9,15,UrbanEdge Market Expansion - Market Research and Compliance Review,22,Devon; Leah; Sam; Jordan,100.0,15,20.0,31,13,300,19.22,0.003843,28714,25474,3240,5e-07,0.000000,0.000000,0.000000,0.003843,0.85,0.90,UrbanEdge Strategy,Legal Review,4,15.61,0.000013,0.000175,0.44,0.9,128.06
gemini-2.0-flash-001,Unknown,True,8,1,EcoBloom Summer Campaign - Initial Planning and Timeline,13,Devon; Sam; Leah; Jordan,100.0,15,20.0,31,13,300,17.87,0.003842,28710,25474,3236,5e-07,0.000000,0.000000,0.000000,0.003842,0.85,0.90,EcoBloom Campaign,Planning,4,16.79,0.000013,0.000296,0.26,0.65,133.93
gemini-2.0-flash-001,Unknown,True,8,2,FitFusion Rebranding Project - Initial Planning and Timeline,15,Devon; Sam; Leah; Jordan,100.0,15,20.0,31,13,300,17.87,0.003842,28710,25474,3236,5e-07,0.000000,0.000000,0.000000,0.003842,0.85,0.90,FitFusion Rebranding,Planning,4,16.79,0.000013,0.000256,0.3,0.75,133.93
gemini-2.0-flash-001,Unknown,True,8,3,TechNova Product Launch Campaign - Initial Planning and Timeline,15,Devon; Sam; Leah; Jordan,100.0,15,20.0,31,13,300,17.87,0.003842,28710,25474,3236,5e-07,0.000000,0.000000,0.000000,0.003842,0.85,0.90,TechNova Launch,Planning,4,16.79,0.000013,0.000256,0.3,0.75,133.93
gemini-2.0-flash-001,Unknown,True,8,4,GreenScape Sustainability Report - Planning and Timeline,15,Devon; Sam; Leah; Jordan,100.0,15,20.0,31,13,300,17.87,0.003842,28710,25474,3236,5e-07,0.000000,0.000000,0.000000,0.003842,0.85,0.90,GreenScape Report,Planning,4,16.79,0.000013,0.000256,0.3,0.75,133.93
gemini-2.0-flash-001,Unknown,True,8,5,UrbanEdge Social Media Strategy - Planning and Timeline,15,Devon; Sam; Leah; Jordan,100.0,15,20.0,31,13,300,17.87,0.003842,28710,25474,3236,5e-07,0.000000,0.000000,0.000000,0.003842,0.85,0.90,UrbanEdge Strategy,Planning,4,16.79,0.000013,0.000256,0.3,0.75,133.93
gemini-2.0-flash-001,Unknown,True,8,6,EcoBloom Summer Campaign - Design Revisions Based on Client Feedback,15,Devon; Sam; Leah; Jordan,100.0,15,20.0,31,13,300,17.87,0.003842,28710,25474,3236,5e-07,0.000000,0.000000,0.000000,0.003842,0.85,0.90,EcoBloom Campaign,Revisions,4,16.79,0.000013,0.000256,0.3,0.75,133.93
gemini-2.0-flash-001,Unknown,True,8,7,FitFusion Rebranding - Legal Review and Tagline Approval,23,Jordan; Devon; Sam; Leah,100.0,15,20.0,31,13,300,17.87,0.003842,28710,25474,3236,5e-07,0.000000,0.000000,0.000000,0.003842,0.85,0.90,FitFusion Rebranding,Legal Review,4,16.79,0.000013,0.000167,0.46,0.85,133.93
gemini-2.0-flash-001,Unknown,True,8,8,Q3 Content Calendar Development and Finalization,25,Devon; Leah; Sam; Jordan,100.0,15,20.0,31,13,300,17.87,0.003842,28710,25474,3236,5e-07,0.000000,0.000000,0.000000,0.003842,0.85,0.90,Q3 Content Calendar,Final Design,4,16.79,0.000013,0.000154,0.5,0.75,133.93
gemini-2.0-flash-001,Unknown,True,8,9,TechNova Product Launch - Budget Finalization,31,Devon; Sam; Leah; Jordan,100.0,15,20.0,31,13,300,17.87,0.003842,28710,25474,3236,5e-07,0.000000,0.000000,0.000000,0.003842,0.85,0.90,TechNova Launch,Budget Planning,4,16.79,0.000013,0.000124,0.62,0.45,133.93
gemini-2.0-flash-001,Unknown,True,8,10,GreenScape Sustainability Report - Deadline Extension,29,Devon; Leah; Sam; Jordan,100.0,15,20.0,31,13,300,17.87,0.003842,28710,25474,3236,5e-07,0.000000,0.000000,0.000000,0.003842,0.85,0.90,GreenScape Report,Sustainability,4,16.79,0.000013,0.000132,0.58,0.55,133.93
gemini-2.0-flash-001,Unknown,True,8,11,EcoBloom Summer Campaign - Final Design Approval and Submission,16,Devon; Sam; Leah; Jordan,100.0,15,20.0,31,13,300,17.87,0.003842,28710,25474,3236,5e-07,0.000000,0.000000,0.000000,0.003842,0.85,0.90,EcoBloom Campaign,Final Design,4,16.79,0.000013,0.000240,0.32,0.8,133.93
gemini-2.0-flash-001,Unknown,True,8,12,FitFusion Rebranding - Brand Guidelines Development and Approval,22,Devon; Sam; Leah; Jordan,100.0,15,20.0,31,13,300,17.87,0.003842,28710,25474,3236,5e-07,0.000000,0.000000,0.000000,0.003842,0.85,0.90,FitFusion Rebranding,Rebranding,4,16.79,0.000013,0.000175,0.44,0.9,133.93
gemini-2.0-flash-001,Unknown,True,8,13,TechNova Product Launch - Product Description Finalization and Approval,22,Devon; Leah; Sam; Jordan,100.0,15,20.0,31,13,300,17.87,0.003842,28710,25474,3236,5e-07,0.000000,0.000000,0.000000,0.003842,0.85,0.90,TechNova Launch,Final Design,4,16.79,0.000013,0.000175,0.44,0.9,133.93
gemini-2.0-flash-001,Unknown,True,8,14,GreenScape Sustainability Report - Data Visualization Development and Approval,22,Devon; Sam; Leah; Jordan,100.0,15,20.0,31,13,300,17.87,0.003842,28710,25474,3236,5e-07,0.000000,0.000000,0.000000,0.003842,0.85,0.90,GreenScape Report,Sustainability,4,16.79,0.000013,0.000175,0.44,0.9,133.93
gemini-2.0-flash-001,Unknown,True,8,15,UrbanEdge Market Expansion - Market Research and Compliance Review,22,Devon; Leah; Sam; Jordan,100.0,15,20.0,31,13,300,17.87,0.003842,28710,25474,3236,5e-07,0.000000,0.000000,0.000000,0.003842,0.85,0.90,UrbanEdge Strategy,Legal Review,4,16.79,0.000013,0.000175,0.44,0.9,133.93
gemini-2.0-flash-lite,Unknown,True,4,1,"EcoBloom Summer Campaign - Initial Planning, Timelines, and Contract Review",13,Devon; Sam; Leah; Jordan,100.0,15,20.0,31,13,300,14.15,0.002733,28214,25474,2740,5e-07,0.000000,0.000000,0.000000,0.002733,0.85,0.90,EcoBloom Campaign,Planning,4,21.2,0.000009,0.000210,0.26,0.65,155.98
gemini-2.0-flash-lite,Unknown,True,4,2,"FitFusion Rebranding Project - Initial Planning, Timelines, and Contract Review",15,Devon; Sam; Leah; Jordan,100.0,15,20.0,31,13,300,14.15,0.002733,28214,25474,2740,5e-07,0.000000,0.000000,0.000000,0.002733,0.85,0.90,FitFusion Rebranding,Planning,4,21.2,0.000009,0.000182,0.3,0.75,155.98
gemini-2.0-flash-lite,Unknown,True,4,3,"TechNova Product Launch - Initial Planning, Timelines, and Agreement Review",15,Devon; Sam; Leah; Jordan,100.0,15,20.0,31,13,300,14.15,0.002733,28214,25474,2740,5e-07,0.000000,0.000000,0.000000,0.002733,0.85,0.90,TechNova Launch,Planning,4,21.2,0.000009,0.000182,0.3,0.75,155.98
gemini-2.0-flash-lite,Unknown,True,4,4,"GreenScape Sustainability Report - Initial Planning, Requirements, and Timeline",15,Devon; Sam; Leah; Jordan,100.0,15,20.0,31,13,300,14.15,0.002733,28214,25474,2740,5e-07,0.000000,0.000000,0.000000,0.002733,0.85,0.90,GreenScape Report,Planning,4,21.2,0.000009,0.000182,0.3,0.75,155.98
gemini-2.0-flash-lite,Unknown,True,4,5,"UrbanEdge Social Media Strategy - Initial Planning, Requirements, and Timeline",15,Devon; Sam; Leah; Jordan,100.0,15,20.0,31,13,300,14.15,0.002733,28214,25474,2740,5e-07,0.000000,0.000000,0.000000,0.002733,0.85,0.90,UrbanEdge Strategy,Planning,4,21.2,0.000009,0.000182,0.3,0.75,155.98
gemini-2.0-flash-lite,Unknown,True,4,6,EcoBloom Summer Campaign - Design Revisions and Legal Review,15,Devon; Sam; Leah; Jordan,100.0,15,20.0,31,13,300,14.15,0.002733,28214,25474,2740,5e-07,0.000000,0.000000,0.000000,0.002733,0.85,0.90,EcoBloom Campaign,Legal Review,4,21.2,0.000009,0.000182,0.3,0.75,155.98
gemini-2.0-flash-lite,Unknown,True,4,7,FitFusion Rebrand - Trademark Review and Tagline Selection,23,Devon; Sam; Leah; Jordan,100.0,15,20.0,31,13,300,14.15,0.002733,28214,25474,2740,5e-07,0.000000,0.000000,0.000000,0.002733,0.85,0.90,FitFusion Rebranding,Legal Review,4,21.2,0.000009,0.000119,0.46,0.85,155.98
gemini-2.0-flash-lite,Unknown,True,4,8,Q3 Content Calendar Development and Finalization,25,Devon; Sam; Leah; Jordan,100.0,15,20.0,31,13,300,14.15,0.002733,28214,25474,2740,5e-07,0.000000,0.000000,0.000000,0.002733,0.85,0.90,Q3 Content Calendar,Final Design,4,21.2,0.000009,0.000109,0.5,0.75,155.98
gemini-2.0-flash-lite,Unknown,True,4,9,TechNova Product Launch - Budget Development and Finalization,31,Devon; Sam; Leah; Jordan,100.0,15,20.0,31,13,300,14.15,0.002733,28214,25474,2740,5e-07,0.000000,0.000000,0.000000,0.002733,0.85,0.90,TechNova Launch,Budget Planning,4,21.2,0.000009,0.000088,0.62,0.45,155.98
gemini-2.0-flash-lite,Unknown,True,4,10,GreenScape Sustainability Report - Deadline Extension and Impact on Other Projects,29,Devon; Sam; Leah; Jordan,100.0,15,20.0,31,13,300,14.15,0.002733,28214,25474,2740,5e-07,0.000000,0.000000,0.000000,0.002733,0.85,0.90,GreenScape Report,Sustainability,4,21.2,0.000009,0.000094,0.58,0.55,155.98
gemini-2.0-flash-lite,Unknown,True,4,11,EcoBloom Summer Campaign - Final Design Review and Client Submission,16,Devon; Sam; Leah; Jordan,100.0,15,20.0,31,13,300,14.15,0.002733,28214,25474,2740,5e-07,0.000000,0.000000,0.000000,0.002733,0.85,0.90,EcoBloom Campaign,Legal Review,4,21.2,0.000009,0.000171,0.32,0.8,155.98
gemini-2.0-flash-lite,Unknown,True,4,12,FitFusion Rebrand - Brand Guidelines Development and Legal Review,22,Devon; Sam; Leah; Jordan,100.0,15,20.0,31,13,300,14.15,0.002733,28214,25474,2740,5e-07,0.000000,0.000000,0.000000,0.002733,0.85,0.90,FitFusion Rebranding,Legal Review,4,21.2,0.000009,0.000124,0.44,0.9,155.98
gemini-2.0-flash-lite,Unknown,True,4,13,TechNova Product Launch - Product Description Development and Compliance Review,22,Devon; Sam; Leah; Jordan,100.0,15,20.0,31,13,300,14.15,0.002733,28214,25474,2740,5e-07,0.000000,0.000000,0.000000,0.002733,0.85,0.90,TechNova Launch,Legal Review,4,21.2,0.000009,0.000124,0.44,0.9,155.98
gemini-2.0-flash-lite,Unknown,True,4,14,GreenScape Sustainability Report - Data Visualization Development and Review,22,Devon; Sam; Leah; Jordan,100.0,15,20.0,31,13,300,14.15,0.002733,28214,25474,2740,5e-07,0.000000,0.000000,0.000000,0.002733,0.85,0.90,GreenScape Report,Legal Review,4,21.2,0.000009,0.000124,0.44,0.9,155.98
gemini-2.0-flash-lite,Unknown,True,4,15,UrbanEdge Market Research - Development and Compliance Review,22,Devon; Sam; Leah; Jordan,100.0,15,20.0,31,13,300,14.15,0.002733,28214,25474,2740,5e-07,0.000000,0.000000,0.000000,0.002733,0.85,0.90,UrbanEdge Strategy,Legal Review,4,21.2,0.000009,0.000124,0.44,0.9,155.98
gemini-2.0-flash-lite-001,Unknown,True,3,1,EcoBloom Summer Campaign - Initial Planning and Timeline,13,Devon; Sam; Leah; Jordan,100.0,15,20.0,31,13,300,13.81,0.002725,28189,25474,2715,5e-07,0.000000,0.000000,0.000000,0.002725,0.85,0.90,EcoBloom Campaign,Planning,4,21.72,0.000009,0.000210,0.26,0.65,158.62
gemini-2.0-flash-lite-001,Unknown,True,3,2,FitFusion Rebranding Project - Initial Planning and Timeline,15,Devon; Sam; Leah; Jordan,100.0,15,20.0,31,13,300,13.81,0.002725,28189,25474,2715,5e-07,0.000000,0.000000,0.000000,0.002725,0.85,0.90,FitFusion Rebranding,Planning,4,21.72,0.000009,0.000182,0.3,0.75,158.62
gemini-2.0-flash-lite-001,Unknown,True,3,3,TechNova Product Launch - Initial Planning and Timeline,15,Devon; Sam; Leah; Jordan,100.0,15,20.0,31,13,300,13.81,0.002725,28189,25474,2715,5e-07,0.000000,0.000000,0.000000,0.002725,0.85,0.90,TechNova Launch,Planning,4,21.72,0.000009,0.000182,0.3,0.75,158.62
gemini-2.0-flash-lite-001,Unknown,True,3,4,GreenScape Sustainability Report - Initial Planning and Timeline,15,Devon; Sam; Leah; Jordan,100.0,15,20.0,31,13,300,13.81,0.002725,28189,25474,2715,5e-07,0.000000,0.000000,0.000000,0.002725,0.85,0.90,GreenScape Report,Planning,4,21.72,0.000009,0.000182,0.3,0.75,158.62
gemini-2.0-flash-lite-001,Unknown,True,3,5,UrbanEdge Social Media Strategy - Initial Planning and Timeline,15,Devon; Sam; Leah; Jordan,100.0,15,20.0,31,13,300,13.81,0.002725,28189,25474,2715,5e-07,0.000000,0.000000,0.000000,0.002725,0.85,0.90,UrbanEdge Strategy,Planning,4,21.72,0.000009,0.000182,0.3,0.75,158.62
gemini-2.0-flash-lite-001,Unknown,True,3,6,EcoBloom Summer Campaign - Design Revisions and Feedback,15,Devon; Sam; Leah; Jordan,100.0,15,20.0,31,13,300,13.81,0.002725,28189,25474,2715,5e-07,0.000000,0.000000,0.000000,0.002725,0.85,0.90,EcoBloom Campaign,Revisions,4,21.72,0.000009,0.000182,0.3,0.75,158.62
gemini-2.0-flash-lite-001,Unknown,True,3,7,FitFusion Rebrand - Trademark Review and Tagline Selection,23,Devon; Sam; Leah; Jordan,100.0,15,20.0,31,13,300,13.81,0.002725,28189,25474,2715,5e-07,0.000000,0.000000,0.000000,0.002725,0.85,0.90,FitFusion Rebranding,Legal Review,4,21.72,0.000009,0.000118,0.46,0.85,158.62
gemini-2.0-flash-lite-001,Unknown,True,3,8,Q3 Content Calendar Development and Finalization,25,Devon; Sam; Leah; Jordan,100.0,15,20.0,31,13,300,13.81,0.002725,28189,25474,2715,5e-07,0.000000,0.000000,0.000000,0.002725,0.85,0.90,Q3 Content Calendar,Final Design,4,21.72,0.000009,0.000109,0.5,0.75,158.62
gemini-2.0-flash-lite-001,Unknown,True,3,9,TechNova Product Launch - Budget Development and Finalization,31,Devon; Sam; Leah; Jordan,100.0,15,20.0,31,13,300,13.81,0.002725,28189,25474,2715,5e-07,0.000000,0.000000,0.000000,0.002725,0.85,0.90,TechNova Launch,Budget Planning,4,21.72,0.000009,0.000088,0.62,0.45,158.62
gemini-2.0-flash-lite-001,Unknown,True,3,10,GreenScape Sustainability Report - Deadline Extension and Project Adjustments,29,Devon; Sam; Leah; Jordan,100.0,15,20.0,31,13,300,13.81,0.002725,28189,25474,2715,5e-07,0.000000,0.000000,0.000000,0.002725,0.85,0.90,GreenScape Report,Sustainability,4,21.72,0.000009,0.000094,0.58,0.55,158.62
gemini-2.0-flash-lite-001,Unknown,True,3,11,EcoBloom Summer Campaign - Final Design Review and Submission,16,Devon; Sam; Leah; Jordan,100.0,15,20.0,31,13,300,13.81,0.002725,28189,25474,2715,5e-07,0.000000,0.000000,0.000000,0.002725,0.85,0.90,EcoBloom Campaign,Legal Review,4,21.72,0.000009,0.000170,0.32,0.8,158.62
gemini-2.0-flash-lite-001,Unknown,True,3,12,FitFusion Rebrand - Brand Guidelines Development and Legal Review,22,Devon; Sam; Leah; Jordan,100.0,15,20.0,31,13,300,13.81,0.002725,28189,25474,2715,5e-07,0.000000,0.000000,0.000000,0.002725,0.85,0.90,FitFusion Rebranding,Legal Review,4,21.72,0.000009,0.000124,0.44,0.9,158.62
gemini-2.0-flash-lite-001,Unknown,True,3,13,TechNova Product Launch - Product Description Development and Compliance Review,22,Devon; Sam; Leah; Jordan,100.0,15,20.0,31,13,300,13.81,0.002725,28189,25474,2715,5e-07,0.000000,0.000000,0.000000,0.002725,0.85,0.90,TechNova Launch,Legal Review,4,21.72,0.000009,0.000124,0.44,0.9,158.62
gemini-2.0-flash-lite-001,Unknown,True,3,14,GreenScape Sustainability Report - Data Visualization Development and Review,22,Devon; Sam; Leah; Jordan,100.0,15,20.0,31,13,300,13.81,0.002725,28189,25474,2715,5e-07,0.000000,0.000000,0.000000,0.002725,0.85,0.90,GreenScape Report,Legal Review,4,21.72,0.000009,0.000124,0.44,0.9,158.62
gemini-2.0-flash-lite-001,Unknown,True,3,15,UrbanEdge Market Research - Development and Compliance Review,22,Devon; Sam; Leah; Jordan,100.0,15,20.0,31,13,300,13.81,0.002725,28189,25474,2715,5e-07,0.000000,0.000000,0.000000,0.002725,0.85,0.90,UrbanEdge Strategy,Legal Review,4,21.72,0.000009,0.000124,0.44,0.9,158.62
gemini-2.5-flash-lite,Unknown,True,1,1,EcoBloom Summer Campaign Planning and Execution,29,Devon; Sam; Leah; Jordan,87.67,6,43.83,66,25,263,6.1,0.003413,27798,25689,2109,5e-07,0.000000,0.000000,0.000000,0.003413,0.85,0.90,EcoBloom Campaign,Planning,4,43.09,0.000013,0.000118,0.58,0.66,259.27
gemini-2.5-flash-lite,Unknown,True,1,2,FitFusion Rebranding Project Management,60,Devon; Sam; Leah; Jordan,87.67,6,43.83,66,25,263,6.1,0.003413,27798,25689,2109,5e-07,0.000000,0.000000,0.000000,0.003413,0.85,0.90,FitFusion Rebranding,Rebranding,4,43.09,0.000013,0.000057,1.2,0.63,259.27
gemini-2.5-flash-lite,Unknown,True,1,3,TechNova Product Launch Campaign and Budget,46,Devon; Sam; Leah; Jordan,87.67,6,43.83,66,25,263,6.1,0.003413,27798,25689,2109,5e-07,0.000000,0.000000,0.000000,0.003413,0.85,0.90,TechNova Launch,Budget Planning,4,43.09,0.000013,0.000074,0.92,0.95,259.27
gemini-2.5-flash-lite,Unknown,True,1,4,GreenScape Sustainability Report and Data Visualizations,66,Devon; Sam; Leah; Jordan,87.67,6,43.83,66,25,263,6.1,0.003413,27798,25689,2109,5e-07,0.000000,0.000000,0.000000,0.003413,0.85,0.90,GreenScape Report,Sustainability,4,43.09,0.000013,0.000052,1.32,0.49,259.27
gemini-2.5-flash-lite,Unknown,True,1,5,UrbanEdge Social Media Strategy and Market Research,37,Devon; Sam; Leah; Jordan,87.67,6,43.83,66,25,263,6.1,0.003413,27798,25689,2109,5e-07,0.000000,0.000000,0.000000,0.003413,0.85,0.90,UrbanEdge Strategy,Strategy,4,43.09,0.000013,0.000092,0.74,0.84,259.27
gemini-2.5-flash-lite,Unknown,True,1,6,Q3 Content Calendar Development,25,Devon; Leah; Sam; Jordan,87.67,6,43.83,66,25,263,6.1,0.003413,27798,25689,2109,5e-07,0.000000,0.000000,0.000000,0.003413,0.85,0.90,Q3 Content Calendar,Content Planning,4,43.09,0.000013,0.000137,0.5,0.57,259.27
gemini-2.5-pro,Unknown,True,15,1,"EcoBloom Summer Campaign: Planning, Revisions, and Final Submission",44,Devon; Sam; Leah; Jordan,100.0,6,50.0,68,25,300,43.39,0.053181,27796,25689,2107,5e-07,0.000001,0.000010,0.000002,0.053181,0.85,0.90,EcoBloom Campaign,Planning,4,6.91,0.000177,0.001209,0.88,0.88,84.57
gemini-2.5-pro,Unknown,True,15,2,"FitFusion Rebranding Project: Kickoff, Legal Review, and Brand Guidelines",60,Devon; Sam; Leah; Jordan,100.0,6,50.0,68,25,300,43.39,0.053181,27796,25689,2107,5e-07,0.000001,0.000010,0.000002,0.053181,0.85,0.90,FitFusion Rebranding,Planning,4,6.91,0.000177,0.000886,1.2,0.8,84.57
gemini-2.5-pro,Unknown,True,15,3,"TechNova Product Launch: Planning, Budgeting, and Product Descriptions",68,Devon; Sam; Leah; Jordan,100.0,6,50.0,68,25,300,43.39,0.053181,27796,25689,2107,5e-07,0.000001,0.000010,0.000002,0.053181,0.85,0.90,TechNova Launch,Planning,4,6.91,0.000177,0.000782,1.36,0.64,84.57
gemini-2.5-pro,Unknown,True,15,4,"GreenScape Sustainability Report: Planning, Deadline Extension, and Data Visualization",66,Devon; Leah; Sam; Jordan,100.0,6,50.0,68,25,300,43.39,0.053181,27796,25689,2107,5e-07,0.000001,0.000010,0.000002,0.053181,0.85,0.90,GreenScape Report,Planning,4,6.91,0.000177,0.000806,1.32,0.68,84.57
gemini-2.5-pro,Unknown,True,15,5,UrbanEdge Market Expansion: Social Media Strategy and Market Research,37,Devon; Leah; Sam; Jordan,100.0,6,50.0,68,25,300,43.39,0.053181,27796,25689,2107,5e-07,0.000001,0.000010,0.000002,0.053181,0.85,0.90,UrbanEdge Strategy,Strategy,4,6.91,0.000177,0.001437,0.74,0.74,84.57
gemini-2.5-pro,Unknown,True,15,6,Internal Q3 Content Calendar Planning,25,Devon; Leah; Sam; Jordan,100.0,6,50.0,68,25,300,43.39,0.053181,27796,25689,2107,5e-07,0.000001,0.000010,0.000002,0.053181,0.85,0.90,Q3 Content Calendar,Planning,4,6.91,0.000177,0.002127,0.5,0.5,84.57
gemma-3-12b-it,Unknown,True,18,1,EcoBloom Summer Campaign - Initial Planning & Deadlines,13,Devon; Sam; Leah; Jordan,28.67,6,14.33,15,13,86,8.85,0.000000,7432,7432,0,0.0,0.000000,0.000000,0.000000,0.000000,0.85,0.90,9.71,0.0,0.0,0.26,0.000000,0.000000,0.0,0.0,0.0
gemma-3-12b-it,Unknown,True,18,2,FitFusion Rebranding Project - Kickoff & Timeline,15,Devon; Sam; Leah; Jordan,28.67,6,14.33,15,13,86,8.85,0.000000,7432,7432,0,0.0,0.000000,0.000000,0.000000,0.000000,0.85,0.90,9.71,0.0,0.0,0.3,0.000000,0.000000,0.0,0.0,0.0
gemma-3-12b-it,Unknown,True,18,3,TechNova Product Launch - Strategy & Timeline,15,Devon; Sam; Leah; Jordan,28.67,6,14.33,15,13,86,8.85,0.000000,7432,7432,0,0.0,0.000000,0.000000,0.000000,0.000000,0.85,0.90,9.71,0.0,0.0,0.3,0.000000,0.000000,0.0,0.0,0.0
gemma-3-12b-it,Unknown,True,18,4,GreenScape Sustainability Report - Client Collaboration,15,Devon; Leah; Sam; Jordan,28.67,6,14.33,15,13,86,8.85,0.000000,7432,7432,0,0.0,0.000000,0.000000,0.000000,0.000000,0.85,0.90,9.71,0.0,0.0,0.3,0.000000,0.000000,0.0,0.0,0.0
gemma-3-12b-it,Unknown,True,18,5,UrbanEdge Social Media Strategy - Development & Legal Review,15,Devon; Leah; Sam; Jordan,28.67,6,14.33,15,13,86,8.85,0.000000,7432,7432,0,0.0,0.000000,0.000000,0.000000,0.000000,0.85,0.90,9.71,0.0,0.0,0.3,0.000000,0.000000,0.0,0.0,0.0
gemma-3-12b-it,Unknown,True,18,6,EcoBloom Summer Campaign - Design Revisions & Client Feedback,13,Devon; Sam; Leah; Jordan,28.67,6,14.33,15,13,86,8.85,0.000000,7432,7432,0,0.0,0.000000,0.000000,0.000000,0.000000,0.85,0.90,9.71,0.0,0.0,0.26,0.000000,0.000000,0.0,0.0,0.0
gemma-3-1b-it,Unknown,True,19,1,EcoBloom Summer Campaign Planning,5,Devon; Sam; Leah; Jordan,8.33,5,5.0,5,5,25,2.48,0.000000,7934,7432,502,0.0,0.000000,0.000000,0.000000,0.000000,0.85,0.90,10.06,0.0,0.0,0.1,0.000000,0.000000,0.0,0.0,0.0
gemma-3-1b-it,Unknown,True,19,2,UrbanEdge Social Media Strategy,5,Devon; Leah; Jordan,8.33,5,5.0,5,5,25,2.48,0.000000,7934,7432,502,0.0,0.000000,0.000000,0.000000,0.000000,0.85,0.90,10.06,0.0,0.0,0.1,0.000000,0.000000,0.0,0.0,0.0
gemma-3-1b-it,Unknown,True,19,3,TechNova Product Launch,5,Devon; Jordan,8.33,5,5.0,5,5,25,2.48,0.000000,7934,7432,502,0.0,0.000000,0.000000,0.000000,0.000000,0.85,0.90,10.06,0.0,0.0,0.1,0.000000,0.000000,0.0,0.0,0.0
gemma-3-1b-it,Unknown,True,19,4,EcoBloom Sustainability Report,5,Leah; Jordan,8.33,5,5.0,5,5,25,2.48,0.000000,7934,7432,502,0.0,0.000000,0.000000,0.000000,0.000000,0.85,0.90,10.06,0.0,0.0,0.1,0.000000,0.000000,0.0,0.0,0.0
gemma-3-1b-it,Unknown,True,19,5,FitFusion Brand Identity,5,Devon; Sam,8.33,5,5.0,5,5,25,2.48,0.000000,7934,7432,502,0.0,0.000000,0.000000,0.000000,0.000000,0.85,0.90,10.06,0.0,0.0,0.1,0.000000,0.000000,0.0,0.0,0.0
gemma-3-27b-it,Unknown,True,23,1,EcoBloom Summer Campaign - Initial Planning & Timelines,13,Devon; Sam; Leah; Jordan,28.67,6,14.33,15,13,86,17.47,0.000000,7495,7495,0,0.0,0.000000,0.000000,0.000000,0.000000,0.85,0.90,4.92,0.0,0.0,0.26,0.000000,0.000000,0.0,0.0,0.0
gemma-3-27b-it,Unknown,True,23,2,FitFusion Rebranding Project - Initial Planning & Timelines,15,Devon; Sam; Leah; Jordan,28.67,6,14.33,15,13,86,17.47,0.000000,7495,7495,0,0.0,0.000000,0.000000,0.000000,0.000000,0.85,0.90,4.92,0.0,0.0,0.3,0.000000,0.000000,0.0,0.0,0.0
gemma-3-27b-it,Unknown,True,23,3,TechNova Product Launch - Initial Planning & Timelines,15,Devon; Sam; Leah; Jordan,28.67,6,14.33,15,13,86,17.47,0.000000,7495,7495,0,0.0,0.000000,0.000000,0.000000,0.000000,0.85,0.90,4.92,0.0,0.0,0.3,0.000000,0.000000,0.0,0.0,0.0
gemma-3-27b-it,Unknown,True,23,4,GreenScape Sustainability Report - Planning & Execution,15,Devon; Leah; Sam; Jordan,28.67,6,14.33,15,13,86,17.47,0.000000,7495,7495,0,0.0,0.000000,0.000000,0.000000,0.000000,0.85,0.90,4.92,0.0,0.0,0.3,0.000000,0.000000,0.0,0.0,0.0
gemma-3-27b-it,Unknown,True,23,5,UrbanEdge Social Media Strategy - Planning & Execution,15,Devon; Leah; Sam; Jordan,28.67,6,14.33,15,13,86,17.47,0.000000,7495,7495,0,0.0,0.000000,0.000000,0.000000,0.000000,0.85,0.90,4.92,0.0,0.0,0.3,0.000000,0.000000,0.0,0.0,0.0
gemma-3-27b-it,Unknown,True,23,6,EcoBloom Summer Campaign - Feedback & Revisions,13,Devon; Sam; Leah; Jordan,28.67,6,14.33,15,13,86,17.47,0.000000,7495,7495,0,0.0,0.000000,0.000000,0.000000,0.000000,0.85,0.90,4.92,0.0,0.0,0.26,0.000000,0.000000,0.0,0.0,0.0
gemma-3-4b-it,Unknown,True,22,1,EcoBloom Summer Campaign Kickoff & Initial Planning,8,Devon; Sam; Leah; Jordan,19.33,14,4.14,8,3,58,9.37,0.000000,7432,7432,0,0.0,0.000000,0.000000,0.000000,0.000000,0.85,0.90,6.19,0.0,0.0,0.16,0.000000,0.000000,0.0,0.0,0.0
gemma-3-4b-it,Unknown,True,22,2,EcoBloom Campaign Timeline & Deliverables,4,Devon; Sam; Leah,19.33,14,4.14,8,3,58,9.37,0.000000,7432,7432,0,0.0,0.000000,0.000000,0.000000,0.000000,0.85,0.90,6.19,0.0,0.0,0.08,0.000000,0.000000,0.0,0.0,0.0
gemma-3-4b-it,Unknown,True,22,3,FitFusion Rebranding Project - Initial Brief,6,Devon; Sam; Leah; Jordan,19.33,14,4.14,8,3,58,9.37,0.000000,7432,7432,0,0.0,0.000000,0.000000,0.000000,0.000000,0.85,0.90,6.19,0.0,0.0,0.12,0.000000,0.000000,0.0,0.0,0.0
gemma-3-4b-it,Unknown,True,22,4,FitFusion Timeline & Deliverables,3,Devon; Sam; Leah,19.33,14,4.14,8,3,58,9.37,0.000000,7432,7432,0,0.0,0.000000,0.000000,0.000000,0.000000,0.85,0.90,6.19,0.0,0.0,0.06,0.000000,0.000000,0.0,0.0,0.0
gemma-3-4b-it,Unknown,True,22,5,FitFusion Contract Review & Legal Considerations,3,Jordan; Sam,19.33,14,4.14,8,3,58,9.37,0.000000,7432,7432,0,0.0,0.000000,0.000000,0.000000,0.000000,0.85,0.90,6.19,0.0,0.0,0.06,0.000000,0.000000,0.0,0.0,0.0
gemma-3-4b-it,Unknown,True,22,6,FitFusion Brand Voice & Design Alignment,4,Leah; Sam; Devon; Jordan,19.33,14,4.14,8,3,58,9.37,0.000000,7432,7432,0,0.0,0.000000,0.000000,0.000000,0.000000,0.85,0.90,6.19,0.0,0.0,0.08,0.000000,0.000000,0.0,0.0,0.0
gemma-3-4b-it,Unknown,True,22,7,TechNova Product Launch - Initial Brief,3,Devon; Sam; Leah,19.33,14,4.14,8,3,58,9.37,0.000000,7432,7432,0,0.0,0.000000,0.000000,0.000000,0.000000,0.85,0.90,6.19,0.0,0.0,0.06,0.000000,0.000000,0.0,0.0,0.0
gemma-3-4b-it,Unknown,True,22,8,TechNova Timeline & Deliverables,3,Devon; Jordan; Sam,19.33,14,4.14,8,3,58,9.37,0.000000,7432,7432,0,0.0,0.000000,0.000000,0.000000,0.000000,0.85,0.90,6.19,0.0,0.0,0.06,0.000000,0.000000,0.0,0.0,0.0
gemma-3-4b-it,Unknown,True,22,9,TechNova Legal Review & Compliance,3,Jordan; Devon; Leah; Sam,19.33,14,4.14,8,3,58,9.37,0.000000,7432,7432,0,0.0,0.000000,0.000000,0.000000,0.000000,0.85,0.90,6.19,0.0,0.0,0.06,0.000000,0.000000,0.0,0.0,0.0
gemma-3-4b-it,Unknown,True,22,10,TechNova Design Concepts & Messaging,3,Sam; Devon; Leah,19.33,14,4.14,8,3,58,9.37,0.000000,7432,7432,0,0.0,0.000000,0.000000,0.000000,0.000000,0.85,0.90,6.19,0.0,0.0,0.06,0.000000,0.000000,0.0,0.0,0.0
gemma-3-4b-it,Unknown,True,22,11,EcoBloom Campaign - Revised Designs & Client Feedback,4,Devon; Sam; Leah; Jordan,19.33,14,4.14,8,3,58,9.37,0.000000,7432,7432,0,0.0,0.000000,0.000000,0.000000,0.000000,0.85,0.90,6.19,0.0,0.0,0.08,0.000000,0.000000,0.0,0.0,0.0
gemma-3-4b-it,Unknown,True,22,12,GreenScape Sustainability Report - Initial Client Discussion,3,Devon; Leah; Sam,19.33,14,4.14,8,3,58,9.37,0.000000,7432,7432,0,0.0,0.000000,0.000000,0.000000,0.000000,0.85,0.90,6.19,0.0,0.0,0.06,0.000000,0.000000,0.0,0.0,0.0
gemma-3-4b-it,Unknown,True,22,13,GreenScape Sustainability Report - Timeline & Legal Review,5,Devon; Leah; Jordan; Sam,19.33,14,4.14,8,3,58,9.37,0.000000,7432,7432,0,0.0,0.000000,0.000000,0.000000,0.000000,0.85,0.90,6.19,0.0,0.0,0.1,0.000000,0.000000,0.0,0.0,0.0
gemma-3-4b-it,Unknown,True,22,14,GreenScape Sustainability Report - Content & Design Development,6,Leah; Sam; Devon; Jordan,19.33,14,4.14,8,3,58,9.37,0.000000,7432,7432,0,0.0,0.000000,0.000000,0.000000,0.000000,0.85,0.90,6.19,0.0,0.0,0.12,0.000000,0.000000,0.0,0.0,0.0
gemma-3n-e2b-it,Unknown,True,21,1,EcoBloom Summer Campaign Kickoff,5,Devon; Sam; Leah,24.33,4,21.5,48,5,73,10.95,0.000000,8185,7495,690,0.0,0.000000,0.000000,0.000000,0.000000,0.85,0.90,6.67,0.0,0.0,0.1,0.000000,0.000000,0.0,0.0,0.0
gemma-3n-e2b-it,Unknown,True,21,2,FitFusion Rebrand Project,20,Devon; Sam; Leah; Jordan,24.33,4,21.5,48,5,73,10.95,0.000000,8185,7495,690,0.0,0.000000,0.000000,0.000000,0.000000,0.85,0.90,6.67,0.0,0.0,0.4,0.000000,0.000000,0.0,0.0,0.0
gemma-3n-e2b-it,Unknown,True,21,3,UrbanEdge Social Media Strategy,48,Devon; Leah; Sam; Jordan,24.33,4,21.5,48,5,73,10.95,0.000000,8185,7495,690,0.0,0.000000,0.000000,0.000000,0.000000,0.85,0.90,6.67,0.0,0.0,0.96,0.000000,0.000000,0.0,0.0,0.0
gemma-3n-e2b-it,Unknown,True,21,4,EcoBloom Campaign Revision,13,Devon; Sam; Leah; Jordan,24.33,4,21.5,48,5,73,10.95,0.000000,8185,7495,690,0.0,0.000000,0.000000,0.000000,0.000000,0.85,0.90,6.67,0.0,0.0,0.26,0.000000,0.000000,0.0,0.0,0.0
gemma-3n-e4b-it,Unknown,True,20,1,EcoBloom Summer Campaign Kickoff & Initial Planning,5,Devon; Sam; Leah; Jordan,28.67,5,20.6,81,5,86,10.97,0.000000,8327,7495,832,0.0,0.000000,0.000000,0.000000,0.000000,0.85,0.90,7.84,0.0,0.0,0.1,0.000000,0.000000,0.0,0.0,0.0
gemma-3n-e4b-it,Unknown,True,20,2,EcoBloom Rebrand Project,81,Devon; Sam; Leah; Jordan,28.67,5,20.6,81,5,86,10.97,0.000000,8327,7495,832,0.0,0.000000,0.000000,0.000000,0.000000,0.85,0.90,7.84,0.0,0.0,1.62,0.000000,0.000000,0.0,0.0,0.0
gemma-3n-e4b-it,Unknown,True,20,3,UrbanEdge Social Media Strategy,6,Devon; Leah; Sam,28.67,5,20.6,81,5,86,10.97,0.000000,8327,7495,832,0.0,0.000000,0.000000,0.000000,0.000000,0.85,0.90,7.84,0.0,0.0,0.12,0.000000,0.000000,0.0,0.0,0.0
gemma-3n-e4b-it,Unknown,True,20,4,GreenScape Sustainability Report,6,Devon; Leah; Jordan,28.67,5,20.6,81,5,86,10.97,0.000000,8327,7495,832,0.0,0.000000,0.000000,0.000000,0.000000,0.85,0.90,7.84,0.0,0.0,0.12,0.000000,0.000000,0.0,0.0,0.0
gemma-3n-e4b-it,Unknown,True,20,5,TechNova Product Launch Campaign,5,Devon; Sam; Jordan,28.67,5,20.6,81,5,86,10.97,0.000000,8327,7495,832,0.0,0.000000,0.000000,0.000000,0.000000,0.85,0.90,7.84,0.0,0.0,0.1,0.000000,0.000000,0.0,0.0,0.0
gpt-3.5-turbo,Unknown,False,FAILED,0,N/A,0,N/A,0.0,0,0,0,0,0,0,0.0,0,0,0,0.0,0.0,0.0,0.0,0.0,0.0,0.0,0.0,0.0,0.0,0.0,0.0,0.0,0.0,0.0,0.0
gpt-4,Unknown,False,FAILED,0,N/A,0,N/A,0.0,0,0,0,0,0,0,0.0,0,0,0,0.0,0.0,0.0,0.0,0.0,0.0,0.0,0.0,0.0,0.0,0.0,0.0,0.0,0.0,0.0,0.0
gpt-4o,Unknown,True,17,1,EcoBloom Summer Campaign Initial Planning and Coordination,13,Devon; Sam; Leah; Jordan,100.0,15,20.0,31,13,300,100.0,0.000000,24532,22568,1964,2.5e-06,0.000000,0.000000,0.000000,0.000000,0.85,0.90,3.0,0.000254,0.005071,0.26,0.000000,0.000000,0.0,0.0,0.0
gpt-4o,Unknown,True,17,2,FitFusion Rebranding Project Kickoff and Planning,15,Devon; Sam; Leah; Jordan,100.0,15,20.0,31,13,300,100.0,0.000000,24532,22568,1964,2.5e-06,0.000000,0.000000,0.000000,0.000000,0.85,0.90,3.0,0.000254,0.005071,0.3,0.000000,0.000000,0.0,0.0,0.0
gpt-4o,Unknown,True,17,3,TechNova Product Launch Campaign Planning,15,Devon; Sam; Leah; Jordan,100.0,15,20.0,31,13,300,100.0,0.000000,24532,22568,1964,2.5e-06,0.000000,0.000000,0.000000,0.000000,0.85,0.90,3.0,0.000254,0.005071,0.3,0.000000,0.000000,0.0,0.0,0.0
gpt-4o,Unknown,True,17,4,GreenScape Sustainability Report Development,15,Devon; Sam; Leah; Jordan,100.0,15,20.0,31,13,300,100.0,0.000000,24532,22568,1964,2.5e-06,0.000000,0.000000,0.000000,0.000000,0.85,0.90,3.0,0.000254,0.005071,0.3,0.000000,0.000000,0.0,0.0,0.0
gpt-4o,Unknown,True,17,5,UrbanEdge Social Media Strategy Development,15,Devon; Sam; Leah; Jordan,100.0,15,20.0,31,13,300,100.0,0.000000,24532,22568,1964,2.5e-06,0.000000,0.000000,0.000000,0.000000,0.85,0.90,3.0,0.000254,0.005071,0.3,0.000000,0.000000,0.0,0.0,0.0
gpt-4o,Unknown,True,17,6,EcoBloom Campaign Design Revisions,15,Devon; Sam; Leah; Jordan,100.0,15,20.0,31,13,300,100.0,0.000000,24532,22568,1964,2.5e-06,0.000000,0.000000,0.000000,0.000000,0.85,0.90,3.0,0.000254,0.005071,0.3,0.000000,0.000000,0.0,0.0,0.0
gpt-4o,Unknown,True,17,7,FitFusion Rebranding Legal and Tagline Adjustments,23,Devon; Sam; Leah; Jordan,100.0,15,20.0,31,13,300,100.0,0.000000,24532,22568,1964,2.5e-06,0.000000,0.000000,0.000000,0.000000,0.85,0.90,3.0,0.000254,0.005071,0.46,0.000000,0.000000,0.0,0.0,0.0
gpt-4o,Unknown,True,17,8,Q3 Content Calendar Development,25,Devon; Sam; Leah; Jordan,100.0,15,20.0,31,13,300,100.0,0.000000,24532,22568,1964,2.5e-06,0.000000,0.000000,0.000000,0.000000,0.85,0.90,3.0,0.000254,0.005071,0.5,0.000000,0.000000,0.0,0.0,0.0
gpt-4o,Unknown,True,17,9,TechNova Campaign Budget Finalization,31,Devon; Sam; Leah; Jordan,100.0,15,20.0,31,13,300,100.0,0.000000,24532,22568,1964,2.5e-06,0.000000,0.000000,0.000000,0.000000,0.85,0.90,3.0,0.000254,0.005071,0.62,0.000000,0.000000,0.0,0.0,0.0
gpt-4o,Unknown,True,17,10,GreenScape Sustainability Report Deadline Extension,29,Devon; Sam; Leah; Jordan,100.0,15,20.0,31,13,300,100.0,0.000000,24532,22568,1964,2.5e-06,0.000000,0.000000,0.000000,0.000000,0.85,0.90,3.0,0.000254,0.005071,0.58,0.000000,0.000000,0.0,0.0,0.0
gpt-4o,Unknown,True,17,11,EcoBloom Final Design Submission,16,Devon; Sam; Leah; Jordan,100.0,15,20.0,31,13,300,100.0,0.000000,24532,22568,1964,2.5e-06,0.000000,0.000000,0.000000,0.000000,0.85,0.90,3.0,0.000254,0.005071,0.32,0.000000,0.000000,0.0,0.0,0.0
gpt-4o,Unknown,True,17,12,FitFusion Brand Guidelines Development,22,Devon; Sam; Leah; Jordan,100.0,15,20.0,31,13,300,100.0,0.000000,24532,22568,1964,2.5e-06,0.000000,0.000000,0.000000,0.000000,0.85,0.90,3.0,0.000254,0.005071,0.44,0.000000,0.000000,0.0,0.0,0.0
gpt-4o,Unknown,True,17,13,TechNova Product Descriptions Finalization,22,Devon; Sam; Leah; Jordan,100.0,15,20.0,31,13,300,100.0,0.000000,24532,22568,1964,2.5e-06,0.000000,0.000000,0.000000,0.000000,0.85,0.90,3.0,0.000254,0.005071,0.44,0.000000,0.000000,0.0,0.0,0.0
gpt-4o,Unknown,True,17,14,GreenScape Data Visualizations for Sustainability Report,22,Devon; Sam; Leah; Jordan,100.0,15,20.0,31,13,300,100.0,0.000000,24532,22568,1964,2.5e-06,0.000000,0.000000,0.000000,0.000000,0.85,0.90,3.0,0.000254,0.005071,0.44,0.000000,0.000000,0.0,0.0,0.0
gpt-4o,Unknown,True,17,15,UrbanEdge Market Research for Expansion,22,Devon; Sam; Leah; Jordan,100.0,15,20.0,31,13,300,100.0,0.000000,24532,22568,1964,2.5e-06,0.000000,0.000000,0.000000,0.000000,0.85,0.90,3.0,0.000254,0.005071,0.44,0.000000,0.000000,0.0,0.0,0.0
gpt-5,Unknown,True,24,1,EcoBloom Summer Campaign Kickoff and Scheduling,13,Devon; Sam; Leah; Jordan,0,15,0,0,0,0,63.82,0.0,0,0,0,5e-06,0.0,0.0,0.0,0.0,0.0,0.0,0.0,0.0,0.0,0.26,0.0,0.0,0.0,0.0,0.0
gpt-5,Unknown,True,24,1,"EcoBloom Summer Campaign Planning and Revisions (July 28, 2025 deadline)",28,Devon; Sam; Leah; Jordan,0,5,0,0,0,0,72.23,0.0,0,0,0,5e-06,0.0,0.0,0.0,0.0,0.0,0.0,0.0,0.0,0.0,0.56,0.0,0.0,0.0,0.0,0.0
gpt-5,Unknown,True,24,1,"EcoBloom Summer Campaign: Planning, Revisions, and Finalization",44,Devon; Sam; Leah; Jordan,100.0,7,42.86,68,15,300,102.92,0.0,0,0,0,5e-06,0.0,0.0,0.0,0.0,0.0,0.0,2.91,0.0,0.0,0.88,0.0,0.0,0.0,0.0,0.0
gpt-5,Unknown,True,24,2,FitFusion Rebrand Kickoff and Timeline Planning,15,Devon; Sam; Leah; Jordan,0,15,0,0,0,0,63.82,0.0,0,0,0,5e-06,0.0,0.0,0.0,0.0,0.0,0.0,0.0,0.0,0.0,0.3,0.0,0.0,0.0,0.0,0.0
gpt-5,Unknown,True,24,2,"FitFusion Rebrand Planning and Trademark/Legal Review (Aug 15, 2025)",27,Devon; Sam; Leah; Jordan,0,5,0,0,0,0,72.23,0.0,0,0,0,5e-06,0.0,0.0,0.0,0.0,0.0,0.0,0.0,0.0,0.0,0.54,0.0,0.0,0.0,0.0,0.0
gpt-5,Unknown,True,24,2,"FitFusion Rebrand: Planning, Trademark/Legal, and Brand Guidelines",60,Devon; Sam; Leah; Jordan,100.0,7,42.86,68,15,300,102.92,0.0,0,0,0,5e-06,0.0,0.0,0.0,0.0,0.0,0.0,2.91,0.0,0.0,1.2,0.0,0.0,0.0,0.0,0.0
gpt-5,Unknown,True,24,3,TechNova Product Launch Kickoff and Milestones,15,Devon; Sam; Leah; Jordan,0,15,0,0,0,0,63.82,0.0,0,0,0,5e-06,0.0,0.0,0.0,0.0,0.0,0.0,0.0,0.0,0.0,0.3,0.0,0.0,0.0,0.0,0.0
gpt-5,Unknown,True,24,3,"TechNova Smart Home Product Launch Planning (Sept 10, 2025)",15,Devon; Sam; Leah; Jordan,0,5,0,0,0,0,72.23,0.0,0,0,0,5e-06,0.0,0.0,0.0,0.0,0.0,0.0,0.0,0.0,0.0,0.3,0.0,0.0,0.0,0.0,0.0
gpt-5,Unknown,True,24,3,"TechNova Product Launch: Planning, Budget, and Product Descriptions",68,Devon; Sam; Leah; Jordan,100.0,7,42.86,68,15,300,102.92,0.0,0,0,0,5e-06,0.0,0.0,0.0,0.0,0.0,0.0,2.91,0.0,0.0,1.36,0.0,0.0,0.0,0.0,0.0
gpt-5,Unknown,True,24,4,GreenScape Sustainability Report Kickoff and Timeline,15,Devon; Leah; Sam; Jordan,0,15,0,0,0,0,63.82,0.0,0,0,0,5e-06,0.0,0.0,0.0,0.0,0.0,0.0,0.0,0.0,0.0,0.3,0.0,0.0,0.0,0.0,0.0
gpt-5,Unknown,True,24,4,"GreenScape Sustainability Report Coordination (Aug 30, 2025)",15,Devon; Sam; Leah; Jordan,0,5,0,0,0,0,72.23,0.0,0,0,0,5e-06,0.0,0.0,0.0,0.0,0.0,0.0,0.0,0.0,0.0,0.3,0.0,0.0,0.0,0.0,0.0
gpt-5,Unknown,True,24,4,"GreenScape Sustainability Report: Kickoff, Timeline Extension, and Data Visualizations",66,Devon; Sam; Leah; Jordan,100.0,7,42.86,68,15,300,102.92,0.0,0,0,0,5e-06,0.0,0.0,0.0,0.0,0.0,0.0,2.91,0.0,0.0,1.32,0.0,0.0,0.0,0.0,0.0
gpt-5,Unknown,True,24,5,UrbanEdge Social Media Strategy Planning and Timelines,15,Devon; Leah; Sam; Jordan,0,15,0,0,0,0,63.82,0.0,0,0,0,5e-06,0.0,0.0,0.0,0.0,0.0,0.0,0.0,0.0,0.0,0.3,0.0,0.0,0.0,0.0,0.0
gpt-5,Unknown,True,24,5,"UrbanEdge Social Media Strategy Development (July 20, 2025)",15,Devon; Sam; Leah; Jordan,0,5,0,0,0,0,72.23,0.0,0,0,0,5e-06,0.0,0.0,0.0,0.0,0.0,0.0,0.0,0.0,0.0,0.3,0.0,0.0,0.0,0.0,0.0
gpt-5,Unknown,True,24,5,UrbanEdge Social Media Strategy,15,Devon; Sam; Leah; Jordan,100.0,7,42.86,68,15,300,102.92,0.0,0,0,0,5e-06,0.0,0.0,0.0,0.0,0.0,0.0,2.91,0.0,0.0,0.3,0.0,0.0,0.0,0.0,0.0
gpt-5,Unknown,True,24,6,EcoBloom Campaign Revisions After Client Feedback,15,Devon; Sam; Leah; Jordan,0,15,0,0,0,0,63.82,0.0,0,0,0,5e-06,0.0,0.0,0.0,0.0,0.0,0.0,0.0,0.0,0.0,0.3,0.0,0.0,0.0,0.0,0.0
gpt-5,Unknown,True,24,6,Q3 Content Calendar (Cross-Client Planning),25,Devon; Sam; Leah; Jordan,100.0,7,42.86,68,15,300,102.92,0.0,0,0,0,5e-06,0.0,0.0,0.0,0.0,0.0,0.0,2.91,0.0,0.0,0.5,0.0,0.0,0.0,0.0,0.0
gpt-5,Unknown,True,24,7,FitFusion Trademark Review and Tagline Selection,23,Jordan; Devon; Sam; Leah,0,15,0,0,0,0,63.82,0.0,0,0,0,5e-06,0.0,0.0,0.0,0.0,0.0,0.0,0.0,0.0,0.0,0.46,0.0,0.0,0.0,0.0,0.0
gpt-5,Unknown,True,24,7,UrbanEdge Market Research for Expansion,22,Devon; Sam; Leah; Jordan,100.0,7,42.86,68,15,300,102.92,0.0,0,0,0,5e-06,0.0,0.0,0.0,0.0,0.0,0.0,2.91,0.0,0.0,0.44,0.0,0.0,0.0,0.0,0.0
gpt-5,Unknown,True,24,8,Companywide Q3 Content Calendar Development,25,Devon; Leah; Sam; Jordan,0,15,0,0,0,0,63.82,0.0,0,0,0,5e-06,0.0,0.0,0.0,0.0,0.0,0.0,0.0,0.0,0.0,0.5,0.0,0.0,0.0,0.0,0.0
gpt-5,Unknown,True,24,9,TechNova Campaign Budget Development and Approval,31,Devon; Sam; Leah; Jordan,0,15,0,0,0,0,63.82,0.0,0,0,0,5e-06,0.0,0.0,0.0,0.0,0.0,0.0,0.0,0.0,0.0,0.62,0.0,0.0,0.0,0.0,0.0
gpt-5,Unknown,True,24,10,GreenScape Sustainability Report Deadline Extension Coordination,29,Devon; Leah; Sam; Jordan,0,15,0,0,0,0,63.82,0.0,0,0,0,5e-06,0.0,0.0,0.0,0.0,0.0,0.0,0.0,0.0,0.0,0.58,0.0,0.0,0.0,0.0,0.0
gpt-5,Unknown,True,24,11,EcoBloom Campaign Finalization and Legal Approval,16,Devon; Sam; Leah; Jordan,0,15,0,0,0,0,63.82,0.0,0,0,0,5e-06,0.0,0.0,0.0,0.0,0.0,0.0,0.0,0.0,0.0,0.32,0.0,0.0,0.0,0.0,0.0
gpt-5,Unknown,True,24,12,FitFusion Brand Guidelines Development and Legal Review,22,Devon; Sam; Leah; Jordan,0,15,0,0,0,0,63.82,0.0,0,0,0,5e-06,0.0,0.0,0.0,0.0,0.0,0.0,0.0,0.0,0.0,0.44,0.0,0.0,0.0,0.0,0.0
gpt-5,Unknown,True,24,13,TechNova Product Descriptions Development and Compliance,22,Devon; Leah; Sam; Jordan,0,15,0,0,0,0,63.82,0.0,0,0,0,5e-06,0.0,0.0,0.0,0.0,0.0,0.0,0.0,0.0,0.0,0.44,0.0,0.0,0.0,0.0,0.0
gpt-5,Unknown,True,24,14,GreenScape Data Visualizations Creation and Approval,22,Devon; Sam; Leah; Jordan,0,15,0,0,0,0,63.82,0.0,0,0,0,5e-06,0.0,0.0,0.0,0.0,0.0,0.0,0.0,0.0,0.0,0.44,0.0,0.0,0.0,0.0,0.0
gpt-5,Unknown,True,24,15,UrbanEdge Market Research Development and Compliance Review,22,Devon; Leah; Sam; Jordan,0,15,0,0,0,0,63.82,0.0,0,0,0,5e-06,0.0,0.0,0.0,0.0,0.0,0.0,0.0,0.0,0.0,0.44,0.0,0.0,0.0,0.0,0.0
grok-2-1212,Unknown,True,13,1,EcoBloom Summer Campaign Planning,13,Devon; Sam; Leah; Jordan,100.0,15,20.0,31,13,300,31.24,0.000000,27611,24871,2740,9e-07,0.000000,0.000000,0.000000,0.000000,0.85,0.90,9.6,9.9e-05,0.001985,0.26,0.000000,0.000000,0.0,0.0,0.0
grok-2-1212,Unknown,True,13,2,FitFusion Rebranding Project Planning,15,Devon; Sam; Leah; Jordan,100.0,15,20.0,31,13,300,31.24,0.000000,27611,24871,2740,9e-07,0.000000,0.000000,0.000000,0.000000,0.85,0.90,9.6,9.9e-05,0.001985,0.3,0.000000,0.000000,0.0,0.0,0.0
grok-2-1212,Unknown,True,13,3,TechNova Product Launch Planning,15,Devon; Sam; Leah; Jordan,100.0,15,20.0,31,13,300,31.24,0.000000,27611,24871,2740,9e-07,0.000000,0.000000,0.000000,0.000000,0.85,0.90,9.6,9.9e-05,0.001985,0.3,0.000000,0.000000,0.0,0.0,0.0
grok-2-1212,Unknown,True,13,4,GreenScape Sustainability Report Planning,15,Devon; Sam; Leah; Jordan,100.0,15,20.0,31,13,300,31.24,0.000000,27611,24871,2740,9e-07,0.000000,0.000000,0.000000,0.000000,0.85,0.90,9.6,9.9e-05,0.001985,0.3,0.000000,0.000000,0.0,0.0,0.0
grok-2-1212,Unknown,True,13,5,UrbanEdge Social Media Strategy Planning,15,Devon; Sam; Leah; Jordan,100.0,15,20.0,31,13,300,31.24,0.000000,27611,24871,2740,9e-07,0.000000,0.000000,0.000000,0.000000,0.85,0.90,9.6,9.9e-05,0.001985,0.3,0.000000,0.000000,0.0,0.0,0.0
grok-2-1212,Unknown,True,13,6,EcoBloom Summer Campaign Revisions,15,Devon; Sam; Leah; Jordan,100.0,15,20.0,31,13,300,31.24,0.000000,27611,24871,2740,9e-07,0.000000,0.000000,0.000000,0.000000,0.85,0.90,9.6,9.9e-05,0.001985,0.3,0.000000,0.000000,0.0,0.0,0.0
grok-2-1212,Unknown,True,13,7,FitFusion Rebranding Legal Review,23,Devon; Sam; Leah; Jordan,100.0,15,20.0,31,13,300,31.24,0.000000,27611,24871,2740,9e-07,0.000000,0.000000,0.000000,0.000000,0.85,0.90,9.6,9.9e-05,0.001985,0.46,0.000000,0.000000,0.0,0.0,0.0
grok-2-1212,Unknown,True,13,8,Q3 Content Calendar Development,25,Devon; Sam; Leah; Jordan,100.0,15,20.0,31,13,300,31.24,0.000000,27611,24871,2740,9e-07,0.000000,0.000000,0.000000,0.000000,0.85,0.90,9.6,9.9e-05,0.001985,0.5,0.000000,0.000000,0.0,0.0,0.0
grok-2-1212,Unknown,True,13,9,TechNova Budget Finalization,31,Devon; Sam; Leah; Jordan,100.0,15,20.0,31,13,300,31.24,0.000000,27611,24871,2740,9e-07,0.000000,0.000000,0.000000,0.000000,0.85,0.90,9.6,9.9e-05,0.001985,0.62,0.000000,0.000000,0.0,0.0,0.0
grok-2-1212,Unknown,True,13,10,GreenScape Sustainability Report Deadline Extension,29,Devon; Sam; Leah; Jordan,100.0,15,20.0,31,13,300,31.24,0.000000,27611,24871,2740,9e-07,0.000000,0.000000,0.000000,0.000000,0.85,0.90,9.6,9.9e-05,0.001985,0.58,0.000000,0.000000,0.0,0.0,0.0
grok-2-1212,Unknown,True,13,11,EcoBloom Summer Campaign Finalization,16,Devon; Sam; Leah; Jordan,100.0,15,20.0,31,13,300,31.24,0.000000,27611,24871,2740,9e-07,0.000000,0.000000,0.000000,0.000000,0.85,0.90,9.6,9.9e-05,0.001985,0.32,0.000000,0.000000,0.0,0.0,0.0
grok-2-1212,Unknown,True,13,12,FitFusion Brand Guidelines Development,22,Devon; Sam; Leah; Jordan,100.0,15,20.0,31,13,300,31.24,0.000000,27611,24871,2740,9e-07,0.000000,0.000000,0.000000,0.000000,0.85,0.90,9.6,9.9e-05,0.001985,0.44,0.000000,0.000000,0.0,0.0,0.0
grok-2-1212,Unknown,True,13,13,TechNova Product Descriptions Development,22,Devon; Sam; Leah; Jordan,100.0,15,20.0,31,13,300,31.24,0.000000,27611,24871,2740,9e-07,0.000000,0.000000,0.000000,0.000000,0.85,0.90,9.6,9.9e-05,0.001985,0.44,0.000000,0.000000,0.0,0.0,0.0
grok-2-1212,Unknown,True,13,14,GreenScape Data Visualizations Development,22,Devon; Sam; Leah; Jordan,100.0,15,20.0,31,13,300,31.24,0.000000,27611,24871,2740,9e-07,0.000000,0.000000,0.000000,0.000000,0.85,0.90,9.6,9.9e-05,0.001985,0.44,0.000000,0.000000,0.0,0.0,0.0
grok-2-1212,Unknown,True,13,15,UrbanEdge Market Research Development,22,Devon; Sam; Leah; Jordan,100.0,15,20.0,31,13,300,31.24,0.000000,27611,24871,2740,9e-07,0.000000,0.000000,0.000000,0.000000,0.85,0.90,9.6,9.9e-05,0.001985,0.44,0.000000,0.000000,0.0,0.0,0.0
grok-2-vision-1212,Unknown,True,16,1,EcoBloom Summer Campaign Development,29,Devon; Sam; Leah; Jordan,100.0,10,36.0,68,15,300,62.64,0.000000,27614,24871,2743,9e-07,0.000000,0.000000,0.000000,0.000000,0.85,0.90,4.79,9.9e-05,0.002979,0.58,0.000000,0.000000,0.0,0.0,0.0
grok-2-vision-1212,Unknown,True,16,2,FitFusion Rebranding Project,38,Devon; Sam; Leah; Jordan,100.0,10,36.0,68,15,300,62.64,0.000000,27614,24871,2743,9e-07,0.000000,0.000000,0.000000,0.000000,0.85,0.90,4.79,9.9e-05,0.002979,0.76,0.000000,0.000000,0.0,0.0,0.0
grok-2-vision-1212,Unknown,True,16,3,TechNova Product Launch Preparation,68,Devon; Sam; Leah; Jordan,100.0,10,36.0,68,15,300,62.64,0.000000,27614,24871,2743,9e-07,0.000000,0.000000,0.000000,0.000000,0.85,0.90,4.79,9.9e-05,0.002979,1.36,0.000000,0.000000,0.0,0.0,0.0
grok-2-vision-1212,Unknown,True,16,4,GreenScape Sustainability Report Development,66,Devon; Sam; Leah; Jordan,100.0,10,36.0,68,15,300,62.64,0.000000,27614,24871,2743,9e-07,0.000000,0.000000,0.000000,0.000000,0.85,0.90,4.79,9.9e-05,0.002979,1.32,0.000000,0.000000,0.0,0.0,0.0
grok-2-vision-1212,Unknown,True,16,5,UrbanEdge Market Expansion Research,37,Devon; Sam; Leah; Jordan,100.0,10,36.0,68,15,300,62.64,0.000000,27614,24871,2743,9e-07,0.000000,0.000000,0.000000,0.000000,0.85,0.90,4.79,9.9e-05,0.002979,0.74,0.000000,0.000000,0.0,0.0,0.0
grok-2-vision-1212,Unknown,True,16,6,EcoBloom Campaign Revisions,15,Devon; Sam; Leah; Jordan,100.0,10,36.0,68,15,300,62.64,0.000000,27614,24871,2743,9e-07,0.000000,0.000000,0.000000,0.000000,0.85,0.90,4.79,9.9e-05,0.002979,0.3,0.000000,0.000000,0.0,0.0,0.0
grok-2-vision-1212,Unknown,True,16,7,Q3 Content Calendar Development,25,Devon; Sam; Leah; Jordan,100.0,10,36.0,68,15,300,62.64,0.000000,27614,24871,2743,9e-07,0.000000,0.000000,0.000000,0.000000,0.85,0.90,4.79,9.9e-05,0.002979,0.5,0.000000,0.000000,0.0,0.0,0.0
grok-2-vision-1212,Unknown,True,16,8,TechNova Budget Finalization,31,Devon; Sam; Leah; Jordan,100.0,10,36.0,68,15,300,62.64,0.000000,27614,24871,2743,9e-07,0.000000,0.000000,0.000000,0.000000,0.85,0.90,4.79,9.9e-05,0.002979,0.62,0.000000,0.000000,0.0,0.0,0.0
grok-2-vision-1212,Unknown,True,16,9,GreenScape Deadline Extension,29,Devon; Sam; Leah; Jordan,100.0,10,36.0,68,15,300,62.64,0.000000,27614,24871,2743,9e-07,0.000000,0.000000,0.000000,0.000000,0.85,0.90,4.79,9.9e-05,0.002979,0.58,0.000000,0.000000,0.0,0.0,0.0
grok-2-vision-1212,Unknown,True,16,10,FitFusion Brand Guidelines Development,22,Devon; Sam; Leah; Jordan,100.0,10,36.0,68,15,300,62.64,0.000000,27614,24871,2743,9e-07,0.000000,0.000000,0.000000,0.000000,0.85,0.90,4.79,9.9e-05,0.002979,0.44,0.000000,0.000000,0.0,0.0,0.0
grok-3,Unknown,True,14,1,EcoBloom Summer Campaign Planning and Execution,44,Devon; Sam; Leah; Jordan,100.0,6,50.0,68,25,300,31.51,0.000000,23789,22397,1392,9e-07,0.000000,0.000000,0.000000,0.000000,0.85,0.90,9.52,8e-05,0.003986,0.88,0.000000,0.000000,0.0,0.0,0.0
grok-3,Unknown,True,14,2,FitFusion Rebranding Project,60,Devon; Sam; Leah; Jordan,100.0,6,50.0,68,25,300,31.51,0.000000,23789,22397,1392,9e-07,0.000000,0.000000,0.000000,0.000000,0.85,0.90,9.52,8e-05,0.003986,1.2,0.000000,0.000000,0.0,0.0,0.0
grok-3,Unknown,True,14,3,TechNova Smart Home Device Launch Campaign,68,Devon; Sam; Leah; Jordan,100.0,6,50.0,68,25,300,31.51,0.000000,23789,22397,1392,9e-07,0.000000,0.000000,0.000000,0.000000,0.85,0.90,9.52,8e-05,0.003986,1.36,0.000000,0.000000,0.0,0.0,0.0
grok-3,Unknown,True,14,4,GreenScape Sustainability Report Development,66,Devon; Sam; Leah; Jordan,100.0,6,50.0,68,25,300,31.51,0.000000,23789,22397,1392,9e-07,0.000000,0.000000,0.000000,0.000000,0.85,0.90,9.52,8e-05,0.003986,1.32,0.000000,0.000000,0.0,0.0,0.0
grok-3,Unknown,True,14,5,UrbanEdge Social Media Strategy and Market Expansion Research,37,Devon; Sam; Leah; Jordan,100.0,6,50.0,68,25,300,31.51,0.000000,23789,22397,1392,9e-07,0.000000,0.000000,0.000000,0.000000,0.85,0.90,9.52,8e-05,0.003986,0.74,0.000000,0.000000,0.0,0.0,0.0
grok-3,Unknown,True,14,6,Q3 Content Calendar Development,25,Devon; Sam; Leah; Jordan,100.0,6,50.0,68,25,300,31.51,0.000000,23789,22397,1392,9e-07,0.000000,0.000000,0.000000,0.000000,0.85,0.90,9.52,8e-05,0.003986,0.5,0.000000,0.000000,0.0,0.0,0.0
llama3-70b-8192,Unknown,False,FAILED,0,N/A,0,N/A,0.0,0,0,0,0,0,0,0.0,0,0,0,0.0,0.0,0.0,0.0,0.0,0.0,0.0,0.0,0.0,0.0,0.0,0.0,0.0,0.0,0.0,0.0
llama3-8b-8192,Unknown,False,FAILED,0,N/A,0,N/A,0.0,0,0,0,0,0,0,0.0,0,0,0,0.0,0.0,0.0,0.0,0.0,0.0,0.0,0.0,0.0,0.0,0.0,0.0,0.0,0.0,0.0,0.0
mixtral-8x7b-32768,Unknown,False,FAILED,0,N/A,0,N/A,0.0,0,0,0,0,0,0,0.0,0,0,0,0.0,0.0,0.0,0.0,0.0,0.0,0.0,0.0,0.0,0.0,0.0,0.0,0.0,0.0,0.0,0.0
unknown,Unknown,False,FAILED,0,N/A,0,N/A,0.0,0,0,0,0,0,0,0.0,0,0,0,0.0,0.0,0.0,0.0,0.0,0.0,0.0,0.0,0.0,0.0,0.0,0.0,0.0,0.0,0.0,0.0
unknown,Unknown,False,FAILED,0,N/A,0,N/A,0.0,0,0,0,0,0,0,0.0,0,0,0,0.0,0.0,0.0,0.0,0.0,0.0,0.0,0.0,0.0,0.0,0.0,0.0,0.0,0.0,0.0,0.0
