MODEL,SUCCESS,CLUSTER_ID,CLUSTER_TITLE,CLUSTER_MESSAGES,CLUSTER_PARTICIPANTS,TOTAL_CLUSTERS,TOTAL_MESSAGES_CLUSTERED,DURATION_SECONDS,INPUT_TOKENS,OUTPUT_TOKENS,COST_PER_INPUT_TOKEN,COST_PER_OUTPUT_TOKEN,TOKEN_COST,MESSAGE_IDS,BENCHMARK_CLUSTER_ID,BENCHMARK_TITLE,BENCHMARK_MESSAGE_COUNT,LLM_MESSAGE_COUNT,MATCHED_MESSAGES,MISSING_MESSAGES,EXTRA_MESSAGES,MESSAGE_COUNT_DEVIATION_PERCENT,COVERAGE_PERCENTAGE,PRECISION_PERCENT,RECALL_PERCENT,IMPROVED_MODEL_SCORE
gemini-1.5-flash,True,1,EcoBloom Summer Campaign: Planning & Revisions,44,Devon; Sam; Leah; Jordan,7,300,15.37,25474,2080,7.5e-05,0.0003,2.53455,1;2;3;4;5;6;7;8;9;10;11;12;13;74;75;76;77;78;79;80;81;82;83;84;85;86;87;88;197;198;199;200;201;202;203;204;205;206;207;208;209;210;211;212,eco_bloom_campaign,EcoBloom Campaign,44,44,44,0,0,0.0,100.0,100.0,100.0,91.1
gemini-1.5-flash,True,2,"FitFusion Rebranding Project: Design, Messaging & Legal",60,Devon; Sam; Leah; Jordan,7,300,15.37,25474,2080,7.5e-05,0.0003,2.53455,14;15;16;17;18;19;20;21;22;23;24;25;26;27;28;89;90;91;92;93;94;95;96;97;98;99;100;101;102;103;104;105;106;107;108;109;110;111;213;214;215;216;217;218;219;220;221;222;223;224;225;226;227;228;229;230;231;232;233;234,fitfusion_rebrand,FitFusion Rebranding,47,60,47,0,13,27.66,100.0,78.33,100.0,91.1
gemini-1.5-flash,True,3,"TechNova Product Launch: Campaign, Budget & Product Descriptions",68,Devon; Sam; Leah; Jordan,7,300,15.37,25474,2080,7.5e-05,0.0003,2.53455,29;30;31;32;33;34;35;36;37;38;39;40;41;42;43;137;138;139;140;141;142;143;144;145;146;147;148;149;150;151;152;153;154;155;156;157;158;159;160;161;162;163;164;165;166;167;235;236;237;238;239;240;241;242;243;244;245;246;247;248;249;250;251;252;253;254;255;256,technova_launch,TechNova Product Launch,68,68,68,0,0,0.0,100.0,100.0,100.0,91.1
gemini-1.5-flash,True,4,"GreenScape Sustainability Report: Content, Design & Legal",37,Devon; Sam; Leah; Jordan,7,300,15.37,25474,2080,7.5e-05,0.0003,2.53455,44;45;46;47;48;49;50;51;52;53;54;55;56;57;58;257;258;259;260;261;262;263;264;265;266;267;268;269;270;271;272;273;274;275;276;277;278,greenscape_report,GreenScape Sustainability Report,66,37,37,29,0,-43.94,56.06,100.0,56.06,91.1
gemini-1.5-flash,True,5,UrbanEdge Social Media Strategy & Market Research,37,Devon; Sam; Leah; Jordan,7,300,15.37,25474,2080,7.5e-05,0.0003,2.53455,59;60;61;62;63;64;65;66;67;68;69;70;71;72;73;279;280;281;282;283;284;285;286;287;288;289;290;291;292;293;294;295;296;297;298;299;300,urbanedge_strategy,UrbanEdge Social Media Strategy,37,37,37,0,0,0.0,100.0,100.0,100.0,91.1
gemini-1.5-flash,True,6,Q3 Content Calendar Development,25,Devon; Sam; Leah; Jordan,7,300,15.37,25474,2080,7.5e-05,0.0003,2.53455,112;113;114;115;116;117;118;119;120;121;122;123;124;125;126;127;128;129;130;131;132;133;134;135;136,q3_content_calendar,Q3 Content Calendar,25,25,25,0,0,0.0,100.0,100.0,100.0,91.1
gemini-1.5-flash,True,7,GreenScape Sustainability Report Deadline Extension,29,Devon; Sam; Leah; Jordan,7,300,15.37,25474,2080,7.5e-05,0.0003,2.53455,168;169;170;171;172;173;174;175;176;177;178;179;180;181;182;183;184;185;186;187;188;189;190;191;192;193;194;195;196,greenscape_report,GreenScape Sustainability Report,66,29,29,37,0,-56.06,43.94,100.0,43.94,91.1
gemini-1.5-flash-002,True,1,EcoBloom Summer Campaign: Planning & Client Revisions,44,Devon; Sam; Leah; Jordan,7,300,14.74,25474,2081,7.5e-05,0.0003,2.53485,1;2;3;4;5;6;7;8;9;10;11;12;13;74;75;76;77;78;79;80;81;82;83;84;85;86;87;88;197;198;199;200;201;202;203;204;205;206;207;208;209;210;211;212,eco_bloom_campaign,EcoBloom Campaign,44,44,44,0,0,0.0,100.0,100.0,100.0,91.1
gemini-1.5-flash-002,True,2,"FitFusion Rebranding Project: Design, Messaging & Legal",60,Devon; Sam; Leah; Jordan,7,300,14.74,25474,2081,7.5e-05,0.0003,2.53485,14;15;16;17;18;19;20;21;22;23;24;25;26;27;28;89;90;91;92;93;94;95;96;97;98;99;100;101;102;103;104;105;106;107;108;109;110;111;213;214;215;216;217;218;219;220;221;222;223;224;225;226;227;228;229;230;231;232;233;234,fitfusion_rebrand,FitFusion Rebranding,47,60,47,0,13,27.66,100.0,78.33,100.0,91.1
gemini-1.5-flash-002,True,3,"TechNova Product Launch: Campaign, Budget & Product Descriptions",68,Devon; Sam; Leah; Jordan,7,300,14.74,25474,2081,7.5e-05,0.0003,2.53485,29;30;31;32;33;34;35;36;37;38;39;40;41;42;43;137;138;139;140;141;142;143;144;145;146;147;148;149;150;151;152;153;154;155;156;157;158;159;160;161;162;163;164;165;166;167;235;236;237;238;239;240;241;242;243;244;245;246;247;248;249;250;251;252;253;254;255;256,technova_launch,TechNova Product Launch,68,68,68,0,0,0.0,100.0,100.0,100.0,91.1
gemini-1.5-flash-002,True,4,"GreenScape Sustainability Report: Content, Design & Legal",37,Devon; Sam; Leah; Jordan,7,300,14.74,25474,2081,7.5e-05,0.0003,2.53485,44;45;46;47;48;49;50;51;52;53;54;55;56;57;58;257;258;259;260;261;262;263;264;265;266;267;268;269;270;271;272;273;274;275;276;277;278,greenscape_report,GreenScape Sustainability Report,66,37,37,29,0,-43.94,56.06,100.0,56.06,91.1
gemini-1.5-flash-002,True,5,UrbanEdge Social Media Strategy & Market Research,37,Devon; Sam; Leah; Jordan,7,300,14.74,25474,2081,7.5e-05,0.0003,2.53485,59;60;61;62;63;64;65;66;67;68;69;70;71;72;73;279;280;281;282;283;284;285;286;287;288;289;290;291;292;293;294;295;296;297;298;299;300,urbanedge_strategy,UrbanEdge Social Media Strategy,37,37,37,0,0,0.0,100.0,100.0,100.0,91.1
gemini-1.5-flash-002,True,6,Q3 Content Calendar Development,25,Devon; Sam; Leah; Jordan,7,300,14.74,25474,2081,7.5e-05,0.0003,2.53485,112;113;114;115;116;117;118;119;120;121;122;123;124;125;126;127;128;129;130;131;132;133;134;135;136,q3_content_calendar,Q3 Content Calendar,25,25,25,0,0,0.0,100.0,100.0,100.0,91.1
gemini-1.5-flash-002,True,7,GreenScape Sustainability Report Deadline Extension,29,Devon; Sam; Leah; Jordan,7,300,14.74,25474,2081,7.5e-05,0.0003,2.53485,168;169;170;171;172;173;174;175;176;177;178;179;180;181;182;183;184;185;186;187;188;189;190;191;192;193;194;195;196,greenscape_report,GreenScape Sustainability Report,66,29,29,37,0,-56.06,43.94,100.0,43.94,91.1
gemini-1.5-flash-8b,True,1,EcoBloom Summer Campaign Project Updates and Revisions,44,Devon; Sam; Leah; Jordan,9,272,10.38,25474,2067,7.5e-05,0.0003,2.53065,1;2;3;4;5;6;7;8;9;10;11;12;13;74;75;76;77;78;79;80;81;82;83;84;85;86;87;88;197;198;199;200;201;202;203;204;205;206;207;208;209;210;211;212,eco_bloom_campaign,EcoBloom Campaign,44,44,44,0,0,0.0,100.0,100.0,100.0,81.38
gemini-1.5-flash-8b,True,2,FitFusion Rebranding Project,14,Devon; Sam; Leah; Jordan,9,272,10.38,25474,2067,7.5e-05,0.0003,2.53065,14;15;16;17;18;19;20;21;22;23;24;26;27;28,fitfusion_rebrand,FitFusion Rebranding,47,14,14,33,0,-70.21,29.79,100.0,29.79,81.38
gemini-1.5-flash-8b,True,3,TechNova Product Launch Campaign,15,Devon; Sam; Leah; Jordan,9,272,10.38,25474,2067,7.5e-05,0.0003,2.53065,29;30;31;32;33;34;35;36;37;38;39;40;41;42;43,technova_launch,TechNova Product Launch,68,15,15,53,0,-77.94,22.06,100.0,22.06,81.38
gemini-1.5-flash-8b,True,4,GreenScape Sustainability Report Project,61,Devon; Leah; Sam; Jordan,9,272,10.38,25474,2067,7.5e-05,0.0003,2.53065,44;45;46;47;48;49;50;51;52;53;54;55;56;57;58;168;169;170;171;172;173;174;175;176;177;178;179;180;181;182;183;184;185;186;187;188;189;190;191;192;257;258;259;260;261;262;263;264;265;266;267;268;269;270;271;272;273;274;275;276;278,greenscape_report,GreenScape Sustainability Report,66,61,61,5,0,-7.58,92.42,100.0,92.42,81.38
gemini-1.5-flash-8b,True,5,UrbanEdge Social Media Strategy,15,Devon; Leah; Sam; Jordan,9,272,10.38,25474,2067,7.5e-05,0.0003,2.53065,59;60;61;62;63;64;65;66;67;68;69;70;71;72;73,urbanedge_strategy,UrbanEdge Social Media Strategy,37,15,15,22,0,-59.46,40.54,100.0,40.54,81.38
gemini-1.5-flash-8b,True,6,FitFusion Brand Guidelines Project,45,Devon; Sam; Leah; Jordan,9,272,10.38,25474,2067,7.5e-05,0.0003,2.53065,89;90;91;92;93;94;95;96;97;98;99;100;101;102;103;104;105;106;107;108;109;110;111;213;214;215;216;217;218;219;220;221;222;223;224;225;226;227;228;229;230;231;232;233;234,fitfusion_rebrand,FitFusion Rebranding,47,45,32,15,13,-4.26,68.09,71.11,68.09,81.38
gemini-1.5-flash-8b,True,7,Q3 Content Calendar Project,25,Devon; Leah; Sam; Jordan,9,272,10.38,25474,2067,7.5e-05,0.0003,2.53065,112;113;114;115;116;117;118;119;120;121;122;123;124;125;126;127;128;129;130;131;132;133;134;135;136,q3_content_calendar,Q3 Content Calendar,25,25,25,0,0,0.0,100.0,100.0,100.0,81.38
gemini-1.5-flash-8b,True,8,TechNova Budget Project,31,Devon; Sam; Leah; Jordan,9,272,10.38,25474,2067,7.5e-05,0.0003,2.53065,137;138;139;140;141;142;143;144;145;146;147;148;149;150;151;152;153;154;155;156;157;158;159;160;161;162;163;164;165;166;167,technova_launch,TechNova Product Launch,68,31,31,37,0,-54.41,45.59,100.0,45.59,81.38
gemini-1.5-flash-8b,True,9,TechNova Product Descriptions Project,22,Devon; Leah; Sam; Jordan,9,272,10.38,25474,2067,7.5e-05,0.0003,2.53065,235;236;237;238;239;240;241;242;243;244;245;246;247;248;249;250;251;252;253;254;255;256,technova_launch,TechNova Product Launch,68,22,22,46,0,-67.65,32.35,100.0,32.35,81.38
gemini-1.5-flash-latest,True,1,EcoBloom Summer Campaign: Planning & Revisions,44,Devon; Sam; Leah; Jordan,7,300,14.97,25474,2080,7.5e-05,0.0003,2.53455,1;2;3;4;5;6;7;8;9;10;11;12;13;74;75;76;77;78;79;80;81;82;83;84;85;86;87;88;197;198;199;200;201;202;203;204;205;206;207;208;209;210;211;212,eco_bloom_campaign,EcoBloom Campaign,44,44,44,0,0,0.0,100.0,100.0,100.0,91.1
gemini-1.5-flash-latest,True,2,"FitFusion Rebranding Project: Design, Messaging & Legal",60,Devon; Sam; Leah; Jordan,7,300,14.97,25474,2080,7.5e-05,0.0003,2.53455,14;15;16;17;18;19;20;21;22;23;24;25;26;27;28;89;90;91;92;93;94;95;96;97;98;99;100;101;102;103;104;105;106;107;108;109;110;111;213;214;215;216;217;218;219;220;221;222;223;224;225;226;227;228;229;230;231;232;233;234,fitfusion_rebrand,FitFusion Rebranding,47,60,47,0,13,27.66,100.0,78.33,100.0,91.1
gemini-1.5-flash-latest,True,3,"TechNova Product Launch: Campaign, Budget & Product Descriptions",68,Devon; Sam; Leah; Jordan,7,300,14.97,25474,2080,7.5e-05,0.0003,2.53455,29;30;31;32;33;34;35;36;37;38;39;40;41;42;43;137;138;139;140;141;142;143;144;145;146;147;148;149;150;151;152;153;154;155;156;157;158;159;160;161;162;163;164;165;166;167;235;236;237;238;239;240;241;242;243;244;245;246;247;248;249;250;251;252;253;254;255;256,technova_launch,TechNova Product Launch,68,68,68,0,0,0.0,100.0,100.0,100.0,91.1
gemini-1.5-flash-latest,True,4,"GreenScape Sustainability Report: Content, Design & Legal",37,Devon; Sam; Leah; Jordan,7,300,14.97,25474,2080,7.5e-05,0.0003,2.53455,44;45;46;47;48;49;50;51;52;53;54;55;56;57;58;257;258;259;260;261;262;263;264;265;266;267;268;269;270;271;272;273;274;275;276;277;278,greenscape_report,GreenScape Sustainability Report,66,37,37,29,0,-43.94,56.06,100.0,56.06,91.1
gemini-1.5-flash-latest,True,5,UrbanEdge Social Media Strategy & Market Research,37,Devon; Sam; Leah; Jordan,7,300,14.97,25474,2080,7.5e-05,0.0003,2.53455,59;60;61;62;63;64;65;66;67;68;69;70;71;72;73;279;280;281;282;283;284;285;286;287;288;289;290;291;292;293;294;295;296;297;298;299;300,urbanedge_strategy,UrbanEdge Social Media Strategy,37,37,37,0,0,0.0,100.0,100.0,100.0,91.1
gemini-1.5-flash-latest,True,6,Q3 Content Calendar Development,25,Devon; Sam; Leah; Jordan,7,300,14.97,25474,2080,7.5e-05,0.0003,2.53455,112;113;114;115;116;117;118;119;120;121;122;123;124;125;126;127;128;129;130;131;132;133;134;135;136,q3_content_calendar,Q3 Content Calendar,25,25,25,0,0,0.0,100.0,100.0,100.0,91.1
gemini-1.5-flash-latest,True,7,GreenScape Sustainability Report Deadline Extension,29,Devon; Sam; Leah; Jordan,7,300,14.97,25474,2080,7.5e-05,0.0003,2.53455,168;169;170;171;172;173;174;175;176;177;178;179;180;181;182;183;184;185;186;187;188;189;190;191;192;193;194;195;196,greenscape_report,GreenScape Sustainability Report,66,29,29,37,0,-56.06,43.94,100.0,43.94,91.1
gemini-1.5-pro,True,1,EcoBloom Summer Campaign: Initial Planning and Deadlines,13,Devon; Sam; Leah; Jordan,15,300,30.52,25474,2713,0.00125,0.005,45.4075,1;2;3;4;5;6;7;8;9;10;11;12;13,eco_bloom_campaign,EcoBloom Campaign,44,13,13,31,0,-70.45,29.55,100.0,29.55,69.48
gemini-1.5-pro,True,2,FitFusion Rebranding Project Kickoff and Initial Planning,15,Devon; Sam; Leah; Jordan,15,300,30.52,25474,2713,0.00125,1e-06,31.845213,14;15;16;17;18;19;20;21;22;23;24;25;26;27;28,fitfusion_rebrand,FitFusion Rebranding,47,15,15,32,0,-68.09,31.91,100.0,31.91,69.48
gemini-1.5-pro,True,3,TechNova New Product Launch: Initial Planning and Deadlines,15,Devon; Sam; Leah; Jordan,15,300,30.52,25474,2713,0.00125,1e-06,31.845213,29;30;31;32;33;34;35;36;37;38;39;40;41;42;43,technova_launch,TechNova Product Launch,68,15,15,53,0,-77.94,22.06,100.0,22.06,69.48
gemini-1.5-pro,True,4,GreenScape Sustainability Report: Initial Planning and Data Collection,15,Devon; Leah; Sam; Jordan,15,300,30.52,25474,2713,0.00125,1e-06,31.845213,44;45;46;47;48;49;50;51;52;53;54;55;56;57;58,greenscape_report,GreenScape Sustainability Report,66,15,15,51,0,-77.27,22.73,100.0,22.73,69.48
gemini-1.5-pro,True,5,UrbanEdge Social Media Strategy Development,15,Devon; Leah; Sam; Jordan,15,300,30.52,25474,2713,0.00125,1e-06,31.845213,59;60;61;62;63;64;65;66;67;68;69;70;71;72;73,urbanedge_strategy,UrbanEdge Social Media Strategy,37,15,15,22,0,-59.46,40.54,100.0,40.54,69.48
gemini-1.5-pro,True,6,EcoBloom Summer Campaign: Design Revisions and Client Feedback,15,Devon; Sam; Leah; Jordan,15,300,30.52,25474,2713,0.00125,1e-06,31.845213,74;75;76;77;78;79;80;81;82;83;84;85;86;87;88,eco_bloom_campaign,EcoBloom Campaign,44,15,15,29,0,-65.91,34.09,100.0,34.09,69.48
gemini-1.5-pro,True,7,FitFusion Rebranding: Legal Review and Tagline Revisions,23,Devon; Sam; Leah; Jordan,15,300,30.52,25474,2713,0.00125,1e-06,31.845213,89;90;91;92;93;94;95;96;97;98;99;100;101;102;103;104;105;106;107;108;109;110;111,fitfusion_rebrand,FitFusion Rebranding,47,23,23,24,0,-51.06,48.94,100.0,48.94,69.48
gemini-1.5-pro,True,8,Q3 Content Calendar Development and Planning,25,Devon; Leah; Sam; Jordan,15,300,30.52,25474,2713,0.00125,1e-06,31.845213,112;113;114;115;116;117;118;119;120;121;122;123;124;125;126;127;128;129;130;131;132;133;134;135;136,q3_content_calendar,Q3 Content Calendar,25,25,25,0,0,0.0,100.0,100.0,100.0,69.48
gemini-1.5-pro,True,9,TechNova Product Launch Campaign Budget Finalization,31,Devon; Sam; Leah; Jordan,15,300,30.52,25474,2713,0.00125,1e-06,31.845213,137;138;139;140;141;142;143;144;145;146;147;148;149;150;151;152;153;154;155;156;157;158;159;160;161;162;163;164;165;166;167,technova_launch,TechNova Product Launch,68,31,31,37,0,-54.41,45.59,100.0,45.59,69.48
gemini-1.5-pro,True,10,GreenScape Sustainability Report Deadline Extension and Project Impact,29,Devon; Leah; Sam; Jordan,15,300,30.52,25474,2713,0.00125,1e-06,31.845213,168;169;170;171;172;173;174;175;176;177;178;179;180;181;182;183;184;185;186;187;188;189;190;191;192;193;194;195;196,greenscape_report,GreenScape Sustainability Report,66,29,29,37,0,-56.06,43.94,100.0,43.94,69.48
gemini-1.5-pro,True,11,EcoBloom Summer Campaign: Final Design Review and Client Submission,16,Devon; Sam; Leah; Jordan,15,300,30.52,25474,2713,0.00125,1e-06,31.845213,197;198;199;200;201;202;203;204;205;206;207;208;209;210;211;212,eco_bloom_campaign,EcoBloom Campaign,44,16,16,28,0,-63.64,36.36,100.0,36.36,69.48
gemini-1.5-pro,True,12,FitFusion Rebranding: Brand Guidelines Development and Legal Review,22,Devon; Sam; Leah; Jordan,15,300,30.52,25474,2713,0.00125,1e-06,31.845213,213;214;215;216;217;218;219;220;221;222;223;224;225;226;227;228;229;230;231;232;233;234,fitfusion_rebrand,FitFusion Rebranding,47,22,9,38,13,-53.19,19.15,40.91,19.15,69.48
gemini-1.5-pro,True,13,TechNova Product Launch: Product Descriptions and Compliance Review,22,Devon; Leah; Sam; Jordan,15,300,30.52,25474,2713,0.00125,1e-06,31.845213,235;236;237;238;239;240;241;242;243;244;245;246;247;248;249;250;251;252;253;254;255;256,technova_launch,TechNova Product Launch,68,22,22,46,0,-67.65,32.35,100.0,32.35,69.48
gemini-1.5-pro,True,14,GreenScape Sustainability Report: Data Visualization Development and Review,22,Devon; Sam; Leah; Jordan,15,300,30.52,25474,2713,0.00125,1e-06,31.845213,257;258;259;260;261;262;263;264;265;266;267;268;269;270;271;272;273;274;275;276;277;278,greenscape_report,GreenScape Sustainability Report,66,22,22,44,0,-66.67,33.33,100.0,33.33,69.48
gemini-1.5-pro,True,15,UrbanEdge Market Expansion: Market Research and Compliance Review,22,Devon; Leah; Sam; Jordan,15,300,30.52,25474,2713,0.00125,1e-06,31.845213,279;280;281;282;283;284;285;286;287;288;289;290;291;292;293;294;295;296;297;298;299;300,urbanedge_strategy,UrbanEdge Social Media Strategy,37,22,22,15,0,-40.54,59.46,100.0,59.46,69.48
gemini-1.5-pro-002,True,1,EcoBloom Summer Campaign,44,Devon; Sam; Leah; Jordan,6,300,28.35,25474,2183,0.00125,0.005,42.7575,1;2;3;4;5;6;7;8;9;10;11;12;13;74;75;76;77;78;79;80;81;82;83;84;85;86;87;88;197;198;199;200;201;202;203;204;205;206;207;208;209;210;211;212,eco_bloom_campaign,EcoBloom Campaign,44,44,44,0,0,0.0,100.0,100.0,100.0,97.94
gemini-1.5-pro-002,True,2,FitFusion Rebranding Project,60,Devon; Sam; Leah; Jordan,6,300,28.35,25474,2183,0.00125,0.005,42.7575,14;15;16;17;18;19;20;21;22;23;24;25;26;27;28;89;90;91;92;93;94;95;96;97;98;99;100;101;102;103;104;105;106;107;108;109;110;111;213;214;215;216;217;218;219;220;221;222;223;224;225;226;227;228;229;230;231;232;233;234,fitfusion_rebrand,FitFusion Rebranding,47,60,47,0,13,27.66,100.0,78.33,100.0,97.94
gemini-1.5-pro-002,True,3,TechNova Product Launch,68,Devon; Sam; Leah; Jordan,6,300,28.35,25474,2183,0.00125,0.005,42.7575,29;30;31;32;33;34;35;36;37;38;39;40;41;42;43;137;138;139;140;141;142;143;144;145;146;147;148;149;150;151;152;153;154;155;156;157;158;159;160;161;162;163;164;165;166;167;235;236;237;238;239;240;241;242;243;244;245;246;247;248;249;250;251;252;253;254;255;256,technova_launch,TechNova Product Launch,68,68,68,0,0,0.0,100.0,100.0,100.0,97.94
gemini-1.5-pro-002,True,4,GreenScape Sustainability Report,66,Devon; Sam; Leah; Jordan,6,300,28.35,25474,2183,0.00125,0.005,42.7575,44;45;46;47;48;49;50;51;52;53;54;55;56;57;58;168;169;170;171;172;173;174;175;176;177;178;179;180;181;182;183;184;185;186;187;188;189;190;191;192;193;194;195;196;257;258;259;260;261;262;263;264;265;266;267;268;269;270;271;272;273;274;275;276;277;278,greenscape_report,GreenScape Sustainability Report,66,66,66,0,0,0.0,100.0,100.0,100.0,97.94
gemini-1.5-pro-002,True,5,UrbanEdge Social Media Strategy and Market Research,37,Devon; Sam; Leah; Jordan,6,300,28.35,25474,2183,0.00125,0.005,42.7575,59;60;61;62;63;64;65;66;67;68;69;70;71;72;73;279;280;281;282;283;284;285;286;287;288;289;290;291;292;293;294;295;296;297;298;299;300,urbanedge_strategy,UrbanEdge Social Media Strategy,37,37,37,0,0,0.0,100.0,100.0,100.0,97.94
gemini-1.5-pro-002,True,6,Q3 Content Calendar Planning,25,Devon; Sam; Leah; Jordan,6,300,28.35,25474,2183,0.00125,0.005,42.7575,112;113;114;115;116;117;118;119;120;121;122;123;124;125;126;127;128;129;130;131;132;133;134;135;136,q3_content_calendar,Q3 Content Calendar,25,25,25,0,0,0.0,100.0,100.0,100.0,97.94
gemini-1.5-pro-latest,True,1,EcoBloom Summer Campaign: Initial Planning and Deadlines,13,Devon; Sam; Leah; Jordan,15,300,30.55,25474,2719,0.00125,0.005,45.4375,1;2;3;4;5;6;7;8;9;10;11;12;13,eco_bloom_campaign,EcoBloom Campaign,44,13,13,31,0,-70.45,29.55,100.0,29.55,69.48
gemini-1.5-pro-latest,True,2,FitFusion Rebranding Project: Kickoff and Initial Planning,15,Devon; Sam; Leah; Jordan,15,300,30.55,25474,2719,0.00125,0.005,45.4375,14;15;16;17;18;19;20;21;22;23;24;25;26;27;28,fitfusion_rebrand,FitFusion Rebranding,47,15,15,32,0,-68.09,31.91,100.0,31.91,69.48
gemini-1.5-pro-latest,True,3,TechNova Product Launch: Initial Planning and Deadlines,15,Devon; Sam; Leah; Jordan,15,300,30.55,25474,2719,0.00125,0.005,45.4375,29;30;31;32;33;34;35;36;37;38;39;40;41;42;43,technova_launch,TechNova Product Launch,68,15,15,53,0,-77.94,22.06,100.0,22.06,69.48
gemini-1.5-pro-latest,True,4,GreenScape Sustainability Report: Initial Planning and Requirements,15,Devon; Leah; Sam; Jordan,15,300,30.55,25474,2719,0.00125,0.005,45.4375,44;45;46;47;48;49;50;51;52;53;54;55;56;57;58,greenscape_report,GreenScape Sustainability Report,66,15,15,51,0,-77.27,22.73,100.0,22.73,69.48
gemini-1.5-pro-latest,True,5,UrbanEdge Social Media Strategy: Planning and Development,15,Devon; Leah; Sam; Jordan,15,300,30.55,25474,2719,0.00125,0.005,45.4375,59;60;61;62;63;64;65;66;67;68;69;70;71;72;73,urbanedge_strategy,UrbanEdge Social Media Strategy,37,15,15,22,0,-59.46,40.54,100.0,40.54,69.48
gemini-1.5-pro-latest,True,6,EcoBloom Summer Campaign: Design Revisions and Client Feedback,15,Devon; Sam; Leah; Jordan,15,300,30.55,25474,2719,0.00125,0.005,45.4375,74;75;76;77;78;79;80;81;82;83;84;85;86;87;88,eco_bloom_campaign,EcoBloom Campaign,44,15,15,29,0,-65.91,34.09,100.0,34.09,69.48
gemini-1.5-pro-latest,True,7,FitFusion Rebranding: Legal Review and Tagline Revisions,23,Devon; Jordan; Sam; Leah,15,300,30.55,25474,2719,0.00125,0.005,45.4375,89;90;91;92;93;94;95;96;97;98;99;100;101;102;103;104;105;106;107;108;109;110;111,fitfusion_rebrand,FitFusion Rebranding,47,23,23,24,0,-51.06,48.94,100.0,48.94,69.48
gemini-1.5-pro-latest,True,8,Q3 Content Calendar Planning and Development,25,Devon; Leah; Sam; Jordan,15,300,30.55,25474,2719,0.00125,0.005,45.4375,112;113;114;115;116;117;118;119;120;121;122;123;124;125;126;127;128;129;130;131;132;133;134;135;136,q3_content_calendar,Q3 Content Calendar,25,25,25,0,0,0.0,100.0,100.0,100.0,69.48
gemini-1.5-pro-latest,True,9,TechNova Product Launch: Budget Planning and Finalization,31,Devon; Sam; Leah; Jordan,15,300,30.55,25474,2719,0.00125,0.005,45.4375,137;138;139;140;141;142;143;144;145;146;147;148;149;150;151;152;153;154;155;156;157;158;159;160;161;162;163;164;165;166;167,technova_launch,TechNova Product Launch,68,31,31,37,0,-54.41,45.59,100.0,45.59,69.48
gemini-1.5-pro-latest,True,10,GreenScape Sustainability Report: Deadline Extension and Project Impact,29,Devon; Leah; Sam; Jordan,15,300,30.55,25474,2719,0.00125,0.005,45.4375,168;169;170;171;172;173;174;175;176;177;178;179;180;181;182;183;184;185;186;187;188;189;190;191;192;193;194;195;196,greenscape_report,GreenScape Sustainability Report,66,29,29,37,0,-56.06,43.94,100.0,43.94,69.48
gemini-1.5-pro-latest,True,11,EcoBloom Summer Campaign: Final Design Review and Client Submission,16,Devon; Sam; Leah; Jordan,15,300,30.55,25474,2719,0.00125,0.005,45.4375,197;198;199;200;201;202;203;204;205;206;207;208;209;210;211;212,eco_bloom_campaign,EcoBloom Campaign,44,16,16,28,0,-63.64,36.36,100.0,36.36,69.48
gemini-1.5-pro-latest,True,12,FitFusion Rebranding: Brand Guidelines Development and Legal Review,22,Devon; Sam; Leah; Jordan,15,300,30.55,25474,2719,0.00125,0.005,45.4375,213;214;215;216;217;218;219;220;221;222;223;224;225;226;227;228;229;230;231;232;233;234,fitfusion_rebrand,FitFusion Rebranding,47,22,9,38,13,-53.19,19.15,40.91,19.15,69.48
gemini-1.5-pro-latest,True,13,TechNova Product Launch: Product Description Development and Compliance Review,22,Devon; Leah; Sam; Jordan,15,300,30.55,25474,2719,0.00125,0.005,45.4375,235;236;237;238;239;240;241;242;243;244;245;246;247;248;249;250;251;252;253;254;255;256,technova_launch,TechNova Product Launch,68,22,22,46,0,-67.65,32.35,100.0,32.35,69.48
gemini-1.5-pro-latest,True,14,GreenScape Sustainability Report: Data Visualization Development and Review,22,Devon; Sam; Leah; Jordan,15,300,30.55,25474,2719,0.00125,0.005,45.4375,257;258;259;260;261;262;263;264;265;266;267;268;269;270;271;272;273;274;275;276;277;278,greenscape_report,GreenScape Sustainability Report,66,22,22,44,0,-66.67,33.33,100.0,33.33,69.48
gemini-1.5-pro-latest,True,15,UrbanEdge Market Expansion: Market Research and Compliance Review,22,Devon; Leah; Sam; Jordan,15,300,30.55,25474,2719,0.00125,0.005,45.4375,279;280;281;282;283;284;285;286;287;288;289;290;291;292;293;294;295;296;297;298;299;300,urbanedge_strategy,UrbanEdge Social Media Strategy,37,22,22,15,0,-40.54,59.46,100.0,59.46,69.48
gemini-2.0-flash,True,1,EcoBloom Summer Campaign - Initial Planning and Timeline,13,Devon; Sam; Leah; Jordan,15,300,19.22,25474,3240,0.0001,0.0004,3.8434,1;2;3;4;5;6;7;8;9;10;11;12;13,eco_bloom_campaign,EcoBloom Campaign,44,13,13,31,0,-70.45,29.55,100.0,29.55,69.48
gemini-2.0-flash,True,2,FitFusion Rebranding Project - Initial Planning and Timeline,15,Devon; Sam; Leah; Jordan,15,300,19.22,25474,3240,0.0001,0.0004,3.8434,14;15;16;17;18;19;20;21;22;23;24;25;26;27;28,fitfusion_rebrand,FitFusion Rebranding,47,15,15,32,0,-68.09,31.91,100.0,31.91,69.48
gemini-2.0-flash,True,3,TechNova Product Launch Campaign - Initial Planning and Timeline,15,Devon; Sam; Leah; Jordan,15,300,19.22,25474,3240,0.0001,0.0004,3.8434,29;30;31;32;33;34;35;36;37;38;39;40;41;42;43,technova_launch,TechNova Product Launch,68,15,15,53,0,-77.94,22.06,100.0,22.06,69.48
gemini-2.0-flash,True,4,GreenScape Sustainability Report - Planning and Timeline,15,Devon; Sam; Leah; Jordan,15,300,19.22,25474,3240,0.0001,0.0004,3.8434,44;45;46;47;48;49;50;51;52;53;54;55;56;57;58,greenscape_report,GreenScape Sustainability Report,66,15,15,51,0,-77.27,22.73,100.0,22.73,69.48
gemini-2.0-flash,True,5,UrbanEdge Social Media Strategy - Planning and Timeline,15,Devon; Sam; Leah; Jordan,15,300,19.22,25474,3240,0.0001,0.0004,3.8434,59;60;61;62;63;64;65;66;67;68;69;70;71;72;73,urbanedge_strategy,UrbanEdge Social Media Strategy,37,15,15,22,0,-59.46,40.54,100.0,40.54,69.48
gemini-2.0-flash,True,6,EcoBloom Summer Campaign - Design Revisions Based on Client Feedback,15,Devon; Sam; Leah; Jordan,15,300,19.22,25474,3240,0.0001,0.0004,3.8434,74;75;76;77;78;79;80;81;82;83;84;85;86;87;88,eco_bloom_campaign,EcoBloom Campaign,44,15,15,29,0,-65.91,34.09,100.0,34.09,69.48
gemini-2.0-flash,True,7,FitFusion Rebranding - Legal Review and Tagline Approval,23,Jordan; Devon; Sam; Leah,15,300,19.22,25474,3240,0.0001,0.0004,3.8434,89;90;91;92;93;94;95;96;97;98;99;100;101;102;103;104;105;106;107;108;109;110;111,fitfusion_rebrand,FitFusion Rebranding,47,23,23,24,0,-51.06,48.94,100.0,48.94,69.48
gemini-2.0-flash,True,8,Q3 Content Calendar Development and Finalization,25,Devon; Leah; Sam; Jordan,15,300,19.22,25474,3240,0.0001,0.0004,3.8434,112;113;114;115;116;117;118;119;120;121;122;123;124;125;126;127;128;129;130;131;132;133;134;135;136,q3_content_calendar,Q3 Content Calendar,25,25,25,0,0,0.0,100.0,100.0,100.0,69.48
gemini-2.0-flash,True,9,TechNova Product Launch - Budget Finalization,31,Devon; Sam; Leah; Jordan,15,300,19.22,25474,3240,0.0001,0.0004,3.8434,137;138;139;140;141;142;143;144;145;146;147;148;149;150;151;152;153;154;155;156;157;158;159;160;161;162;163;164;165;166;167,technova_launch,TechNova Product Launch,68,31,31,37,0,-54.41,45.59,100.0,45.59,69.48
gemini-2.0-flash,True,10,GreenScape Sustainability Report - Deadline Extension Approval and Timeline Adjustments,29,Devon; Leah; Sam; Jordan,15,300,19.22,25474,3240,0.0001,0.0004,3.8434,168;169;170;171;172;173;174;175;176;177;178;179;180;181;182;183;184;185;186;187;188;189;190;191;192;193;194;195;196,greenscape_report,GreenScape Sustainability Report,66,29,29,37,0,-56.06,43.94,100.0,43.94,69.48
gemini-2.0-flash,True,11,EcoBloom Summer Campaign - Final Design Approval and Submission,16,Devon; Sam; Leah; Jordan,15,300,19.22,25474,3240,0.0001,0.0004,3.8434,197;198;199;200;201;202;203;204;205;206;207;208;209;210;211;212,eco_bloom_campaign,EcoBloom Campaign,44,16,16,28,0,-63.64,36.36,100.0,36.36,69.48
gemini-2.0-flash,True,12,FitFusion Rebranding - Brand Guidelines Development and Approval,22,Devon; Sam; Leah; Jordan,15,300,19.22,25474,3240,0.0001,0.0004,3.8434,213;214;215;216;217;218;219;220;221;222;223;224;225;226;227;228;229;230;231;232;233;234,fitfusion_rebrand,FitFusion Rebranding,47,22,9,38,13,-53.19,19.15,40.91,19.15,69.48
gemini-2.0-flash,True,13,TechNova Product Launch - Product Description Development and Compliance Review,22,Devon; Leah; Sam; Jordan,15,300,19.22,25474,3240,0.0001,0.0004,3.8434,235;236;237;238;239;240;241;242;243;244;245;246;247;248;249;250;251;252;253;254;255;256,technova_launch,TechNova Product Launch,68,22,22,46,0,-67.65,32.35,100.0,32.35,69.48
gemini-2.0-flash,True,14,GreenScape Sustainability Report - Data Visualization Development and Review,22,Devon; Sam; Leah; Jordan,15,300,19.22,25474,3240,0.0001,0.0004,3.8434,257;258;259;260;261;262;263;264;265;266;267;268;269;270;271;272;273;274;275;276;277;278,greenscape_report,GreenScape Sustainability Report,66,22,22,44,0,-66.67,33.33,100.0,33.33,69.48
gemini-2.0-flash,True,15,UrbanEdge Market Expansion - Market Research and Compliance Review,22,Devon; Leah; Sam; Jordan,15,300,19.22,25474,3240,0.0001,0.0004,3.8434,279;280;281;282;283;284;285;286;287;288;289;290;291;292;293;294;295;296;297;298;299;300,urbanedge_strategy,UrbanEdge Social Media Strategy,37,22,22,15,0,-40.54,59.46,100.0,59.46,69.48
gemini-2.0-flash-001,True,1,EcoBloom Summer Campaign - Initial Planning and Timeline,13,Devon; Sam; Leah; Jordan,15,300,17.87,25474,3236,0.0001,0.0004,3.8418,1;2;3;4;5;6;7;8;9;10;11;12;13,eco_bloom_campaign,EcoBloom Campaign,44,13,13,31,0,-70.45,29.55,100.0,29.55,69.48
gemini-2.0-flash-001,True,2,FitFusion Rebranding Project - Initial Planning and Timeline,15,Devon; Sam; Leah; Jordan,15,300,17.87,25474,3236,0.0001,0.0004,3.8418,14;15;16;17;18;19;20;21;22;23;24;25;26;27;28,fitfusion_rebrand,FitFusion Rebranding,47,15,15,32,0,-68.09,31.91,100.0,31.91,69.48
gemini-2.0-flash-001,True,3,TechNova Product Launch Campaign - Initial Planning and Timeline,15,Devon; Sam; Leah; Jordan,15,300,17.87,25474,3236,0.0001,0.0004,3.8418,29;30;31;32;33;34;35;36;37;38;39;40;41;42;43,technova_launch,TechNova Product Launch,68,15,15,53,0,-77.94,22.06,100.0,22.06,69.48
gemini-2.0-flash-001,True,4,GreenScape Sustainability Report - Planning and Timeline,15,Devon; Sam; Leah; Jordan,15,300,17.87,25474,3236,0.0001,0.0004,3.8418,44;45;46;47;48;49;50;51;52;53;54;55;56;57;58,greenscape_report,GreenScape Sustainability Report,66,15,15,51,0,-77.27,22.73,100.0,22.73,69.48
gemini-2.0-flash-001,True,5,UrbanEdge Social Media Strategy - Planning and Timeline,15,Devon; Sam; Leah; Jordan,15,300,17.87,25474,3236,0.0001,0.0004,3.8418,59;60;61;62;63;64;65;66;67;68;69;70;71;72;73,urbanedge_strategy,UrbanEdge Social Media Strategy,37,15,15,22,0,-59.46,40.54,100.0,40.54,69.48
gemini-2.0-flash-001,True,6,EcoBloom Summer Campaign - Design Revisions Based on Client Feedback,15,Devon; Sam; Leah; Jordan,15,300,17.87,25474,3236,0.0001,0.0004,3.8418,74;75;76;77;78;79;80;81;82;83;84;85;86;87;88,eco_bloom_campaign,EcoBloom Campaign,44,15,15,29,0,-65.91,34.09,100.0,34.09,69.48
gemini-2.0-flash-001,True,7,FitFusion Rebranding - Legal Review and Tagline Approval,23,Jordan; Devon; Sam; Leah,15,300,17.87,25474,3236,0.0001,0.0004,3.8418,89;90;91;92;93;94;95;96;97;98;99;100;101;102;103;104;105;106;107;108;109;110;111,fitfusion_rebrand,FitFusion Rebranding,47,23,23,24,0,-51.06,48.94,100.0,48.94,69.48
gemini-2.0-flash-001,True,8,Q3 Content Calendar Development and Finalization,25,Devon; Leah; Sam; Jordan,15,300,17.87,25474,3236,0.0001,0.0004,3.8418,112;113;114;115;116;117;118;119;120;121;122;123;124;125;126;127;128;129;130;131;132;133;134;135;136,q3_content_calendar,Q3 Content Calendar,25,25,25,0,0,0.0,100.0,100.0,100.0,69.48
gemini-2.0-flash-001,True,9,TechNova Product Launch - Budget Finalization,31,Devon; Sam; Leah; Jordan,15,300,17.87,25474,3236,0.0001,0.0004,3.8418,137;138;139;140;141;142;143;144;145;146;147;148;149;150;151;152;153;154;155;156;157;158;159;160;161;162;163;164;165;166;167,technova_launch,TechNova Product Launch,68,31,31,37,0,-54.41,45.59,100.0,45.59,69.48
gemini-2.0-flash-001,True,10,GreenScape Sustainability Report - Deadline Extension,29,Devon; Leah; Sam; Jordan,15,300,17.87,25474,3236,0.0001,0.0004,3.8418,168;169;170;171;172;173;174;175;176;177;178;179;180;181;182;183;184;185;186;187;188;189;190;191;192;193;194;195;196,greenscape_report,GreenScape Sustainability Report,66,29,29,37,0,-56.06,43.94,100.0,43.94,69.48
gemini-2.0-flash-001,True,11,EcoBloom Summer Campaign - Final Design Approval and Submission,16,Devon; Sam; Leah; Jordan,15,300,17.87,25474,3236,0.0001,0.0004,3.8418,197;198;199;200;201;202;203;204;205;206;207;208;209;210;211;212,eco_bloom_campaign,EcoBloom Campaign,44,16,16,28,0,-63.64,36.36,100.0,36.36,69.48
gemini-2.0-flash-001,True,12,FitFusion Rebranding - Brand Guidelines Development and Approval,22,Devon; Sam; Leah; Jordan,15,300,17.87,25474,3236,0.0001,0.0004,3.8418,213;214;215;216;217;218;219;220;221;222;223;224;225;226;227;228;229;230;231;232;233;234,fitfusion_rebrand,FitFusion Rebranding,47,22,9,38,13,-53.19,19.15,40.91,19.15,69.48
gemini-2.0-flash-001,True,13,TechNova Product Launch - Product Description Finalization and Approval,22,Devon; Leah; Sam; Jordan,15,300,17.87,25474,3236,0.0001,0.0004,3.8418,235;236;237;238;239;240;241;242;243;244;245;246;247;248;249;250;251;252;253;254;255;256,technova_launch,TechNova Product Launch,68,22,22,46,0,-67.65,32.35,100.0,32.35,69.48
gemini-2.0-flash-001,True,14,GreenScape Sustainability Report - Data Visualization Development and Approval,22,Devon; Sam; Leah; Jordan,15,300,17.87,25474,3236,0.0001,0.0004,3.8418,257;258;259;260;261;262;263;264;265;266;267;268;269;270;271;272;273;274;275;276;277;278,greenscape_report,GreenScape Sustainability Report,66,22,22,44,0,-66.67,33.33,100.0,33.33,69.48
gemini-2.0-flash-001,True,15,UrbanEdge Market Expansion - Market Research and Compliance Review,22,Devon; Leah; Sam; Jordan,15,300,17.87,25474,3236,0.0001,0.0004,3.8418,279;280;281;282;283;284;285;286;287;288;289;290;291;292;293;294;295;296;297;298;299;300,urbanedge_strategy,UrbanEdge Social Media Strategy,37,22,22,15,0,-40.54,59.46,100.0,59.46,69.48
gemini-2.0-flash-lite,True,1,"EcoBloom Summer Campaign - Initial Planning, Timelines, and Contract Review",13,Devon; Sam; Leah; Jordan,15,300,14.15,25474,2740,7.5e-05,0.0003,2.73255,1;2;3;4;5;6;7;8;9;10;11;12;13,eco_bloom_campaign,EcoBloom Campaign,44,13,13,31,0,-70.45,29.55,100.0,29.55,69.48
gemini-2.0-flash-lite,True,2,"FitFusion Rebranding Project - Initial Planning, Timelines, and Contract Review",15,Devon; Sam; Leah; Jordan,15,300,14.15,25474,2740,7.5e-05,0.0003,2.73255,14;15;16;17;18;19;20;21;22;23;24;25;26;27;28,fitfusion_rebrand,FitFusion Rebranding,47,15,15,32,0,-68.09,31.91,100.0,31.91,69.48
gemini-2.0-flash-lite,True,3,"TechNova Product Launch - Initial Planning, Timelines, and Agreement Review",15,Devon; Sam; Leah; Jordan,15,300,14.15,25474,2740,7.5e-05,0.0003,2.73255,29;30;31;32;33;34;35;36;37;38;39;40;41;42;43,technova_launch,TechNova Product Launch,68,15,15,53,0,-77.94,22.06,100.0,22.06,69.48
gemini-2.0-flash-lite,True,4,"GreenScape Sustainability Report - Initial Planning, Requirements, and Timeline",15,Devon; Sam; Leah; Jordan,15,300,14.15,25474,2740,7.5e-05,0.0003,2.73255,44;45;46;47;48;49;50;51;52;53;54;55;56;57;58,greenscape_report,GreenScape Sustainability Report,66,15,15,51,0,-77.27,22.73,100.0,22.73,69.48
gemini-2.0-flash-lite,True,5,"UrbanEdge Social Media Strategy - Initial Planning, Requirements, and Timeline",15,Devon; Sam; Leah; Jordan,15,300,14.15,25474,2740,7.5e-05,0.0003,2.73255,59;60;61;62;63;64;65;66;67;68;69;70;71;72;73,urbanedge_strategy,UrbanEdge Social Media Strategy,37,15,15,22,0,-59.46,40.54,100.0,40.54,69.48
gemini-2.0-flash-lite,True,6,EcoBloom Summer Campaign - Design Revisions and Legal Review,15,Devon; Sam; Leah; Jordan,15,300,14.15,25474,2740,7.5e-05,0.0003,2.73255,74;75;76;77;78;79;80;81;82;83;84;85;86;87;88,eco_bloom_campaign,EcoBloom Campaign,44,15,15,29,0,-65.91,34.09,100.0,34.09,69.48
gemini-2.0-flash-lite,True,7,FitFusion Rebrand - Trademark Review and Tagline Selection,23,Devon; Sam; Leah; Jordan,15,300,14.15,25474,2740,7.5e-05,0.0003,2.73255,89;90;91;92;93;94;95;96;97;98;99;100;101;102;103;104;105;106;107;108;109;110;111,fitfusion_rebrand,FitFusion Rebranding,47,23,23,24,0,-51.06,48.94,100.0,48.94,69.48
gemini-2.0-flash-lite,True,8,Q3 Content Calendar Development and Finalization,25,Devon; Sam; Leah; Jordan,15,300,14.15,25474,2740,7.5e-05,0.0003,2.73255,112;113;114;115;116;117;118;119;120;121;122;123;124;125;126;127;128;129;130;131;132;133;134;135;136,q3_content_calendar,Q3 Content Calendar,25,25,25,0,0,0.0,100.0,100.0,100.0,69.48
gemini-2.0-flash-lite,True,9,TechNova Product Launch - Budget Development and Finalization,31,Devon; Sam; Leah; Jordan,15,300,14.15,25474,2740,7.5e-05,0.0003,2.73255,137;138;139;140;141;142;143;144;145;146;147;148;149;150;151;152;153;154;155;156;157;158;159;160;161;162;163;164;165;166;167,technova_launch,TechNova Product Launch,68,31,31,37,0,-54.41,45.59,100.0,45.59,69.48
gemini-2.0-flash-lite,True,10,GreenScape Sustainability Report - Deadline Extension and Impact on Other Projects,29,Devon; Sam; Leah; Jordan,15,300,14.15,25474,2740,7.5e-05,0.0003,2.73255,168;169;170;171;172;173;174;175;176;177;178;179;180;181;182;183;184;185;186;187;188;189;190;191;192;193;194;195;196,greenscape_report,GreenScape Sustainability Report,66,29,29,37,0,-56.06,43.94,100.0,43.94,69.48
gemini-2.0-flash-lite,True,11,EcoBloom Summer Campaign - Final Design Review and Client Submission,16,Devon; Sam; Leah; Jordan,15,300,14.15,25474,2740,7.5e-05,0.0003,2.73255,197;198;199;200;201;202;203;204;205;206;207;208;209;210;211;212,eco_bloom_campaign,EcoBloom Campaign,44,16,16,28,0,-63.64,36.36,100.0,36.36,69.48
gemini-2.0-flash-lite,True,12,FitFusion Rebrand - Brand Guidelines Development and Legal Review,22,Devon; Sam; Leah; Jordan,15,300,14.15,25474,2740,7.5e-05,0.0003,2.73255,213;214;215;216;217;218;219;220;221;222;223;224;225;226;227;228;229;230;231;232;233;234,fitfusion_rebrand,FitFusion Rebranding,47,22,9,38,13,-53.19,19.15,40.91,19.15,69.48
gemini-2.0-flash-lite,True,13,TechNova Product Launch - Product Description Development and Compliance Review,22,Devon; Sam; Leah; Jordan,15,300,14.15,25474,2740,7.5e-05,0.0003,2.73255,235;236;237;238;239;240;241;242;243;244;245;246;247;248;249;250;251;252;253;254;255;256,technova_launch,TechNova Product Launch,68,22,22,46,0,-67.65,32.35,100.0,32.35,69.48
gemini-2.0-flash-lite,True,14,GreenScape Sustainability Report - Data Visualization Development and Review,22,Devon; Sam; Leah; Jordan,15,300,14.15,25474,2740,7.5e-05,0.0003,2.73255,257;258;259;260;261;262;263;264;265;266;267;268;269;270;271;272;273;274;275;276;277;278,greenscape_report,GreenScape Sustainability Report,66,22,22,44,0,-66.67,33.33,100.0,33.33,69.48
gemini-2.0-flash-lite,True,15,UrbanEdge Market Research - Development and Compliance Review,22,Devon; Sam; Leah; Jordan,15,300,14.15,25474,2740,7.5e-05,0.0003,2.73255,279;280;281;282;283;284;285;286;287;288;289;290;291;292;293;294;295;296;297;298;299;300,urbanedge_strategy,UrbanEdge Social Media Strategy,37,22,22,15,0,-40.54,59.46,100.0,59.46,69.48
gemini-2.0-flash-lite-001,True,1,EcoBloom Summer Campaign - Initial Planning and Timeline,13,Devon; Sam; Leah; Jordan,15,300,13.81,25474,2715,7.5e-05,0.0003,2.7250499999999995,1;2;3;4;5;6;7;8;9;10;11;12;13,eco_bloom_campaign,EcoBloom Campaign,44,13,13,31,0,-70.45,29.55,100.0,29.55,69.48
gemini-2.0-flash-lite-001,True,2,FitFusion Rebranding Project - Initial Planning and Timeline,15,Devon; Sam; Leah; Jordan,15,300,13.81,25474,2715,7.5e-05,0.0003,2.7250499999999995,14;15;16;17;18;19;20;21;22;23;24;25;26;27;28,fitfusion_rebrand,FitFusion Rebranding,47,15,15,32,0,-68.09,31.91,100.0,31.91,69.48
gemini-2.0-flash-lite-001,True,3,TechNova Product Launch - Initial Planning and Timeline,15,Devon; Sam; Leah; Jordan,15,300,13.81,25474,2715,7.5e-05,0.0003,2.7250499999999995,29;30;31;32;33;34;35;36;37;38;39;40;41;42;43,technova_launch,TechNova Product Launch,68,15,15,53,0,-77.94,22.06,100.0,22.06,69.48
gemini-2.0-flash-lite-001,True,4,GreenScape Sustainability Report - Initial Planning and Timeline,15,Devon; Sam; Leah; Jordan,15,300,13.81,25474,2715,7.5e-05,0.0003,2.7250499999999995,44;45;46;47;48;49;50;51;52;53;54;55;56;57;58,greenscape_report,GreenScape Sustainability Report,66,15,15,51,0,-77.27,22.73,100.0,22.73,69.48
gemini-2.0-flash-lite-001,True,5,UrbanEdge Social Media Strategy - Initial Planning and Timeline,15,Devon; Sam; Leah; Jordan,15,300,13.81,25474,2715,7.5e-05,0.0003,2.7250499999999995,59;60;61;62;63;64;65;66;67;68;69;70;71;72;73,urbanedge_strategy,UrbanEdge Social Media Strategy,37,15,15,22,0,-59.46,40.54,100.0,40.54,69.48
gemini-2.0-flash-lite-001,True,6,EcoBloom Summer Campaign - Design Revisions and Feedback,15,Devon; Sam; Leah; Jordan,15,300,13.81,25474,2715,7.5e-05,0.0003,2.7250499999999995,74;75;76;77;78;79;80;81;82;83;84;85;86;87;88,eco_bloom_campaign,EcoBloom Campaign,44,15,15,29,0,-65.91,34.09,100.0,34.09,69.48
gemini-2.0-flash-lite-001,True,7,FitFusion Rebrand - Trademark Review and Tagline Selection,23,Devon; Sam; Leah; Jordan,15,300,13.81,25474,2715,7.5e-05,0.0003,2.7250499999999995,89;90;91;92;93;94;95;96;97;98;99;100;101;102;103;104;105;106;107;108;109;110;111,fitfusion_rebrand,FitFusion Rebranding,47,23,23,24,0,-51.06,48.94,100.0,48.94,69.48
gemini-2.0-flash-lite-001,True,8,Q3 Content Calendar Development and Finalization,25,Devon; Sam; Leah; Jordan,15,300,13.81,25474,2715,7.5e-05,0.0003,2.7250499999999995,112;113;114;115;116;117;118;119;120;121;122;123;124;125;126;127;128;129;130;131;132;133;134;135;136,q3_content_calendar,Q3 Content Calendar,25,25,25,0,0,0.0,100.0,100.0,100.0,69.48
gemini-2.0-flash-lite-001,True,9,TechNova Product Launch - Budget Development and Finalization,31,Devon; Sam; Leah; Jordan,15,300,13.81,25474,2715,7.5e-05,0.0003,2.7250499999999995,137;138;139;140;141;142;143;144;145;146;147;148;149;150;151;152;153;154;155;156;157;158;159;160;161;162;163;164;165;166;167,technova_launch,TechNova Product Launch,68,31,31,37,0,-54.41,45.59,100.0,45.59,69.48
gemini-2.0-flash-lite-001,True,10,GreenScape Sustainability Report - Deadline Extension and Project Adjustments,29,Devon; Sam; Leah; Jordan,15,300,13.81,25474,2715,7.5e-05,0.0003,2.7250499999999995,168;169;170;171;172;173;174;175;176;177;178;179;180;181;182;183;184;185;186;187;188;189;190;191;192;193;194;195;196,greenscape_report,GreenScape Sustainability Report,66,29,29,37,0,-56.06,43.94,100.0,43.94,69.48
gemini-2.0-flash-lite-001,True,11,EcoBloom Summer Campaign - Final Design Review and Submission,16,Devon; Sam; Leah; Jordan,15,300,13.81,25474,2715,7.5e-05,0.0003,2.7250499999999995,197;198;199;200;201;202;203;204;205;206;207;208;209;210;211;212,eco_bloom_campaign,EcoBloom Campaign,44,16,16,28,0,-63.64,36.36,100.0,36.36,69.48
gemini-2.0-flash-lite-001,True,12,FitFusion Rebrand - Brand Guidelines Development and Legal Review,22,Devon; Sam; Leah; Jordan,15,300,13.81,25474,2715,7.5e-05,0.0003,2.7250499999999995,213;214;215;216;217;218;219;220;221;222;223;224;225;226;227;228;229;230;231;232;233;234,fitfusion_rebrand,FitFusion Rebranding,47,22,9,38,13,-53.19,19.15,40.91,19.15,69.48
gemini-2.0-flash-lite-001,True,13,TechNova Product Launch - Product Description Development and Compliance Review,22,Devon; Sam; Leah; Jordan,15,300,13.81,25474,2715,7.5e-05,0.0003,2.7250499999999995,235;236;237;238;239;240;241;242;243;244;245;246;247;248;249;250;251;252;253;254;255;256,technova_launch,TechNova Product Launch,68,22,22,46,0,-67.65,32.35,100.0,32.35,69.48
gemini-2.0-flash-lite-001,True,14,GreenScape Sustainability Report - Data Visualization Development and Review,22,Devon; Sam; Leah; Jordan,15,300,13.81,25474,2715,7.5e-05,0.0003,2.7250499999999995,257;258;259;260;261;262;263;264;265;266;267;268;269;270;271;272;273;274;275;276;277;278,greenscape_report,GreenScape Sustainability Report,66,22,22,44,0,-66.67,33.33,100.0,33.33,69.48
gemini-2.0-flash-lite-001,True,15,UrbanEdge Market Research - Development and Compliance Review,22,Devon; Sam; Leah; Jordan,15,300,13.81,25474,2715,7.5e-05,0.0003,2.7250499999999995,279;280;281;282;283;284;285;286;287;288;289;290;291;292;293;294;295;296;297;298;299;300,urbanedge_strategy,UrbanEdge Social Media Strategy,37,22,22,15,0,-40.54,59.46,100.0,59.46,69.48
gemini-2.5-flash-lite,True,1,EcoBloom Summer Campaign Planning and Execution,29,Devon; Sam; Leah; Jordan,6,263,6.1,25689,2109,0.0001,0.0004,3.4125,1;2;3;4;5;6;7;8;9;10;11;12;13;197;198;199;200;201;202;203;204;205;206;207;208;209;210;211;212,eco_bloom_campaign,EcoBloom Campaign,44,29,29,15,0,-34.09,65.91,100.0,65.91,95.18
gemini-2.5-flash-lite,True,2,FitFusion Rebranding Project Management,60,Devon; Sam; Leah; Jordan,6,263,6.1,25689,2109,0.0001,0.0004,3.4125,14;15;16;17;18;19;20;21;22;23;24;25;26;27;28;89;90;91;92;93;94;95;96;97;98;99;100;101;102;103;104;105;106;107;108;109;110;111;213;214;215;216;217;218;219;220;221;222;223;224;225;226;227;228;229;230;231;232;233;234,fitfusion_rebrand,FitFusion Rebranding,47,60,47,0,13,27.66,100.0,78.33,100.0,95.18
gemini-2.5-flash-lite,True,3,TechNova Product Launch Campaign and Budget,46,Devon; Sam; Leah; Jordan,6,263,6.1,25689,2109,0.0001,0.0004,3.4125,29;30;31;32;33;34;35;36;37;38;39;40;41;42;43;137;138;139;140;141;142;143;144;145;146;147;148;149;150;151;152;153;154;155;156;157;158;159;160;161;162;163;164;165;166;167,technova_launch,TechNova Product Launch,68,46,46,22,0,-32.35,67.65,100.0,67.65,95.18
gemini-2.5-flash-lite,True,4,GreenScape Sustainability Report and Data Visualizations,66,Devon; Sam; Leah; Jordan,6,263,6.1,25689,2109,0.0001,0.0004,3.4125,44;45;46;47;48;49;50;51;52;53;54;55;56;57;58;168;169;170;171;172;173;174;175;176;177;178;179;180;181;182;183;184;185;186;187;188;189;190;191;192;193;194;195;196;257;258;259;260;261;262;263;264;265;266;267;268;269;270;271;272;273;274;275;276;277;278,greenscape_report,GreenScape Sustainability Report,66,66,66,0,0,0.0,100.0,100.0,100.0,95.18
gemini-2.5-flash-lite,True,5,UrbanEdge Social Media Strategy and Market Research,37,Devon; Sam; Leah; Jordan,6,263,6.1,25689,2109,0.0001,0.0004,3.4125,59;60;61;62;63;64;65;66;67;68;69;70;71;72;73;279;280;281;282;283;284;285;286;287;288;289;290;291;292;293;294;295;296;297;298;299;300,urbanedge_strategy,UrbanEdge Social Media Strategy,37,37,37,0,0,0.0,100.0,100.0,100.0,95.18
gemini-2.5-flash-lite,True,6,Q3 Content Calendar Development,25,Devon; Leah; Sam; Jordan,6,263,6.1,25689,2109,0.0001,0.0004,3.4125,112;113;114;115;116;117;118;119;120;121;122;123;124;125;126;127;128;129;130;131;132;133;134;135;136,q3_content_calendar,Q3 Content Calendar,25,25,25,0,0,0.0,100.0,100.0,100.0,95.18
gemini-2.5-pro,True,1,"EcoBloom Summer Campaign: Planning, Revisions, and Final Submission",44,Devon; Sam; Leah; Jordan,6,300,43.39,25689,2107,0.00125,0.0025,37.37875,1;2;3;4;5;6;7;8;9;10;11;12;13;74;75;76;77;78;79;80;81;82;83;84;85;86;87;88;197;198;199;200;201;202;203;204;205;206;207;208;209;210;211;212,eco_bloom_campaign,EcoBloom Campaign,44,44,44,0,0,0.0,100.0,100.0,100.0,97.94
gemini-2.5-pro,True,2,"FitFusion Rebranding Project: Kickoff, Legal Review, and Brand Guidelines",60,Devon; Sam; Leah; Jordan,6,300,43.39,25689,2107,0.00125,0.0025,37.37875,14;15;16;17;18;19;20;21;22;23;24;25;26;27;28;89;90;91;92;93;94;95;96;97;98;99;100;101;102;103;104;105;106;107;108;109;110;111;213;214;215;216;217;218;219;220;221;222;223;224;225;226;227;228;229;230;231;232;233;234,fitfusion_rebrand,FitFusion Rebranding,47,60,47,0,13,27.66,100.0,78.33,100.0,97.94
gemini-2.5-pro,True,3,"TechNova Product Launch: Planning, Budgeting, and Product Descriptions",68,Devon; Sam; Leah; Jordan,6,300,43.39,25689,2107,0.00125,0.0025,37.37875,29;30;31;32;33;34;35;36;37;38;39;40;41;42;43;137;138;139;140;141;142;143;144;145;146;147;148;149;150;151;152;153;154;155;156;157;158;159;160;161;162;163;164;165;166;167;235;236;237;238;239;240;241;242;243;244;245;246;247;248;249;250;251;252;253;254;255;256,technova_launch,TechNova Product Launch,68,68,68,0,0,0.0,100.0,100.0,100.0,97.94
gemini-2.5-pro,True,4,"GreenScape Sustainability Report: Planning, Deadline Extension, and Data Visualization",66,Devon; Leah; Sam; Jordan,6,300,43.39,25689,2107,0.00125,0.0025,37.37875,44;45;46;47;48;49;50;51;52;53;54;55;56;57;58;168;169;170;171;172;173;174;175;176;177;178;179;180;181;182;183;184;185;186;187;188;189;190;191;192;193;194;195;196;257;258;259;260;261;262;263;264;265;266;267;268;269;270;271;272;273;274;275;276;277;278,greenscape_report,GreenScape Sustainability Report,66,66,66,0,0,0.0,100.0,100.0,100.0,97.94
gemini-2.5-pro,True,5,UrbanEdge Market Expansion: Social Media Strategy and Market Research,37,Devon; Leah; Sam; Jordan,6,300,43.39,25689,2107,0.00125,0.0025,37.37875,59;60;61;62;63;64;65;66;67;68;69;70;71;72;73;279;280;281;282;283;284;285;286;287;288;289;290;291;292;293;294;295;296;297;298;299;300,urbanedge_strategy,UrbanEdge Social Media Strategy,37,37,37,0,0,0.0,100.0,100.0,100.0,97.94
gemini-2.5-pro,True,6,Internal Q3 Content Calendar Planning,25,Devon; Leah; Sam; Jordan,6,300,43.39,25689,2107,0.00125,0.0025,37.37875,112;113;114;115;116;117;118;119;120;121;122;123;124;125;126;127;128;129;130;131;132;133;134;135;136,q3_content_calendar,Q3 Content Calendar,25,25,25,0,0,0.0,100.0,100.0,100.0,97.94
gemma-3-12b-it,True,1,EcoBloom Summer Campaign - Initial Planning & Deadlines,13,Devon; Sam; Leah; Jordan,6,86,8.85,7432,0,0.0,0.0,0.0,1;2;3;4;5;6;7;8;9;10;11;12;13,eco_bloom_campaign,EcoBloom Campaign,44,13,13,31,0,-70.45,29.55,100.0,29.55,78.18
gemma-3-12b-it,True,2,FitFusion Rebranding Project - Kickoff & Timeline,15,Devon; Sam; Leah; Jordan,6,86,8.85,7432,0,0.0,0.0,0.0,14;15;16;17;18;19;20;21;22;23;24;25;26;27;28,fitfusion_rebrand,FitFusion Rebranding,47,15,15,32,0,-68.09,31.91,100.0,31.91,78.18
gemma-3-12b-it,True,3,TechNova Product Launch - Strategy & Timeline,15,Devon; Sam; Leah; Jordan,6,86,8.85,7432,0,0.0,0.0,0.0,29;30;31;32;33;34;35;36;37;38;39;40;41;42;43,technova_launch,TechNova Product Launch,68,15,15,53,0,-77.94,22.06,100.0,22.06,78.18
gemma-3-12b-it,True,4,GreenScape Sustainability Report - Client Collaboration,15,Devon; Leah; Sam; Jordan,6,86,8.85,7432,0,0.0,0.0,0.0,44;45;46;47;48;49;50;51;52;53;54;55;56;57;58,greenscape_report,GreenScape Sustainability Report,66,15,15,51,0,-77.27,22.73,100.0,22.73,78.18
gemma-3-12b-it,True,5,UrbanEdge Social Media Strategy - Development & Legal Review,15,Devon; Leah; Sam; Jordan,6,86,8.85,7432,0,0.0,0.0,0.0,59;60;61;62;63;64;65;66;67;68;69;70;71;72;73,urbanedge_strategy,UrbanEdge Social Media Strategy,37,15,15,22,0,-59.46,40.54,100.0,40.54,78.18
gemma-3-12b-it,True,6,EcoBloom Summer Campaign - Design Revisions & Client Feedback,13,Devon; Sam; Leah; Jordan,6,86,8.85,7432,0,0.0,0.0,0.0,74;75;76;77;78;79;80;81;82;83;84;85;86,eco_bloom_campaign,EcoBloom Campaign,44,13,13,31,0,-70.45,29.55,100.0,29.55,78.18
gemma-3-1b-it,True,1,EcoBloom Summer Campaign Planning,5,Devon; Sam; Leah; Jordan,5,25,2.48,7432,502,0.0,0.0,0.0,1;2;3;4;5,eco_bloom_campaign,EcoBloom Campaign,44,5,5,39,0,-88.64,11.36,100.0,11.36,54.93
gemma-3-1b-it,True,2,UrbanEdge Social Media Strategy,5,Devon; Leah; Jordan,5,25,2.48,7432,502,0.0,0.0,0.0,6;7;8;9;10,eco_bloom_campaign,EcoBloom Campaign,44,5,5,39,0,-88.64,11.36,100.0,11.36,54.93
gemma-3-1b-it,True,3,TechNova Product Launch,5,Devon; Jordan,5,25,2.48,7432,502,0.0,0.0,0.0,11;12;13;14;15,eco_bloom_campaign,EcoBloom Campaign,44,5,3,41,2,-88.64,6.82,60.0,6.82,54.93
gemma-3-1b-it,True,4,EcoBloom Sustainability Report,5,Leah; Jordan,5,25,2.48,7432,502,0.0,0.0,0.0,16;17;18;19;20,fitfusion_rebrand,FitFusion Rebranding,47,5,5,42,0,-89.36,10.64,100.0,10.64,54.93
gemma-3-1b-it,True,5,FitFusion Brand Identity,5,Devon; Sam,5,25,2.48,7432,502,0.0,0.0,0.0,21;22;23;24;25,fitfusion_rebrand,FitFusion Rebranding,47,5,5,42,0,-89.36,10.64,100.0,10.64,54.93
gemma-3-27b-it,True,1,EcoBloom Summer Campaign - Initial Planning & Timelines,13,Devon; Sam; Leah; Jordan,6,86,17.47,7495,0,0.0,0.0,0.0,1;2;3;4;5;6;7;8;9;10;11;12;13,eco_bloom_campaign,EcoBloom Campaign,44,13,13,31,0,-70.45,29.55,100.0,29.55,78.18
gemma-3-27b-it,True,2,FitFusion Rebranding Project - Initial Planning & Timelines,15,Devon; Sam; Leah; Jordan,6,86,17.47,7495,0,0.0,0.0,0.0,14;15;16;17;18;19;20;21;22;23;24;25;26;27;28,fitfusion_rebrand,FitFusion Rebranding,47,15,15,32,0,-68.09,31.91,100.0,31.91,78.18
gemma-3-27b-it,True,3,TechNova Product Launch - Initial Planning & Timelines,15,Devon; Sam; Leah; Jordan,6,86,17.47,7495,0,0.0,0.0,0.0,29;30;31;32;33;34;35;36;37;38;39;40;41;42;43,technova_launch,TechNova Product Launch,68,15,15,53,0,-77.94,22.06,100.0,22.06,78.18
gemma-3-27b-it,True,4,GreenScape Sustainability Report - Planning & Execution,15,Devon; Leah; Sam; Jordan,6,86,17.47,7495,0,0.0,0.0,0.0,44;45;46;47;48;49;50;51;52;53;54;55;56;57;58,greenscape_report,GreenScape Sustainability Report,66,15,15,51,0,-77.27,22.73,100.0,22.73,78.18
gemma-3-27b-it,True,5,UrbanEdge Social Media Strategy - Planning & Execution,15,Devon; Leah; Sam; Jordan,6,86,17.47,7495,0,0.0,0.0,0.0,59;60;61;62;63;64;65;66;67;68;69;70;71;72;73,urbanedge_strategy,UrbanEdge Social Media Strategy,37,15,15,22,0,-59.46,40.54,100.0,40.54,78.18
gemma-3-27b-it,True,6,EcoBloom Summer Campaign - Feedback & Revisions,13,Devon; Sam; Leah; Jordan,6,86,17.47,7495,0,0.0,0.0,0.0,74;75;76;77;78;79;80;81;82;83;84;85;86,eco_bloom_campaign,EcoBloom Campaign,44,13,13,31,0,-70.45,29.55,100.0,29.55,78.18
gemma-3-4b-it,True,1,EcoBloom Summer Campaign Kickoff & Initial Planning,8,Devon; Sam; Leah; Jordan,14,58,9.37,7432,0,0.0,0.0,0.0,1;2;3;4;5;6;7;8,eco_bloom_campaign,EcoBloom Campaign,44,8,8,36,0,-81.82,18.18,100.0,18.18,53.53
gemma-3-4b-it,True,2,EcoBloom Campaign Timeline & Deliverables,4,Devon; Sam; Leah,14,58,9.37,7432,0,0.0,0.0,0.0,9;10;11;12,eco_bloom_campaign,EcoBloom Campaign,44,4,4,40,0,-90.91,9.09,100.0,9.09,53.53
gemma-3-4b-it,True,3,FitFusion Rebranding Project - Initial Brief,6,Devon; Sam; Leah; Jordan,14,58,9.37,7432,0,0.0,0.0,0.0,13;14;15;16;17;18,fitfusion_rebrand,FitFusion Rebranding,47,6,5,42,1,-87.23,10.64,83.33,10.64,53.53
gemma-3-4b-it,True,4,FitFusion Timeline & Deliverables,3,Devon; Sam; Leah,14,58,9.37,7432,0,0.0,0.0,0.0,19;20;21,fitfusion_rebrand,FitFusion Rebranding,47,3,3,44,0,-93.62,6.38,100.0,6.38,53.53
gemma-3-4b-it,True,5,FitFusion Contract Review & Legal Considerations,3,Jordan; Sam,14,58,9.37,7432,0,0.0,0.0,0.0,22;23;24,fitfusion_rebrand,FitFusion Rebranding,47,3,3,44,0,-93.62,6.38,100.0,6.38,53.53
gemma-3-4b-it,True,6,FitFusion Brand Voice & Design Alignment,4,Leah; Sam; Devon; Jordan,14,58,9.37,7432,0,0.0,0.0,0.0,25;26;27;28,fitfusion_rebrand,FitFusion Rebranding,47,4,4,43,0,-91.49,8.51,100.0,8.51,53.53
gemma-3-4b-it,True,7,TechNova Product Launch - Initial Brief,3,Devon; Sam; Leah,14,58,9.37,7432,0,0.0,0.0,0.0,29;30;31,technova_launch,TechNova Product Launch,68,3,3,65,0,-95.59,4.41,100.0,4.41,53.53
gemma-3-4b-it,True,8,TechNova Timeline & Deliverables,3,Devon; Jordan; Sam,14,58,9.37,7432,0,0.0,0.0,0.0,32;33;34,technova_launch,TechNova Product Launch,68,3,3,65,0,-95.59,4.41,100.0,4.41,53.53
gemma-3-4b-it,True,9,TechNova Legal Review & Compliance,3,Jordan; Devon; Leah; Sam,14,58,9.37,7432,0,0.0,0.0,0.0,35;36;37,technova_launch,TechNova Product Launch,68,3,3,65,0,-95.59,4.41,100.0,4.41,53.53
gemma-3-4b-it,True,10,TechNova Design Concepts & Messaging,3,Sam; Devon; Leah,14,58,9.37,7432,0,0.0,0.0,0.0,38;39;40,technova_launch,TechNova Product Launch,68,3,3,65,0,-95.59,4.41,100.0,4.41,53.53
gemma-3-4b-it,True,11,EcoBloom Campaign - Revised Designs & Client Feedback,4,Devon; Sam; Leah; Jordan,14,58,9.37,7432,0,0.0,0.0,0.0,41;42;43;44,technova_launch,TechNova Product Launch,68,4,3,65,1,-94.12,4.41,75.0,4.41,53.53
gemma-3-4b-it,True,12,GreenScape Sustainability Report - Initial Client Discussion,3,Devon; Leah; Sam,14,58,9.37,7432,0,0.0,0.0,0.0,45;46;47,greenscape_report,GreenScape Sustainability Report,66,3,3,63,0,-95.45,4.55,100.0,4.55,53.53
gemma-3-4b-it,True,13,GreenScape Sustainability Report - Timeline & Legal Review,5,Devon; Leah; Jordan; Sam,14,58,9.37,7432,0,0.0,0.0,0.0,48;49;50;51;52,greenscape_report,GreenScape Sustainability Report,66,5,5,61,0,-92.42,7.58,100.0,7.58,53.53
gemma-3-4b-it,True,14,GreenScape Sustainability Report - Content & Design Development,6,Leah; Sam; Devon; Jordan,14,58,9.37,7432,0,0.0,0.0,0.0,53;54;55;56;57;58,greenscape_report,GreenScape Sustainability Report,66,6,6,60,0,-90.91,9.09,100.0,9.09,53.53
gemma-3n-e2b-it,True,1,EcoBloom Summer Campaign Kickoff,5,Devon; Sam; Leah,4,73,10.95,7495,690,0.0,0.0,0.0,1;2;3;4;5,eco_bloom_campaign,EcoBloom Campaign,44,5,5,39,0,-88.64,11.36,100.0,11.36,57.92
gemma-3n-e2b-it,True,2,FitFusion Rebrand Project,20,Devon; Sam; Leah; Jordan,4,73,10.95,7495,690,0.0,0.0,0.0,9;10;11;12;13;14;15;16;17;18;19;20;21;22;23;24;25;26;27;28,fitfusion_rebrand,FitFusion Rebranding,47,20,15,32,5,-57.45,31.91,75.0,31.91,57.92
gemma-3n-e2b-it,True,3,UrbanEdge Social Media Strategy,48,Devon; Leah; Sam; Jordan,4,73,10.95,7495,690,0.0,0.0,0.0,39;40;41;42;43;44;45;46;47;48;49;50;51;52;53;54;55;56;57;58;59;60;61;62;63;64;65;66;67;68;69;70;71;72;73;74;75;76;77;78;79;80;81;82;83;84;85;86,urbanedge_strategy,UrbanEdge Social Media Strategy,37,48,15,22,33,29.73,40.54,31.25,40.54,57.92
gemma-3n-e2b-it,True,4,EcoBloom Campaign Revision,13,Devon; Sam; Leah; Jordan,4,73,10.95,7495,690,0.0,0.0,0.0,74;75;76;77;78;79;80;81;82;83;84;85;86,eco_bloom_campaign,EcoBloom Campaign,44,13,13,31,0,-70.45,29.55,100.0,29.55,57.92
gemma-3n-e4b-it,True,1,EcoBloom Summer Campaign Kickoff & Initial Planning,5,Devon; Sam; Leah; Jordan,5,86,10.97,7495,832,0.0,0.0,0.0,1;2;3;4;5,eco_bloom_campaign,EcoBloom Campaign,44,5,5,39,0,-88.64,11.36,100.0,11.36,44.43
gemma-3n-e4b-it,True,2,EcoBloom Rebrand Project,81,Devon; Sam; Leah; Jordan,5,86,10.97,7495,832,0.0,0.0,0.0,6;7;8;9;10;11;12;13;14;15;16;17;18;19;20;21;22;23;24;25;26;27;28;29;30;31;32;33;34;35;36;37;38;39;40;41;42;43;44;45;46;47;48;49;50;51;52;53;54;55;56;57;58;59;60;61;62;63;64;65;66;67;68;69;70;71;72;73;74;75;76;77;78;79;80;81;82;83;84;85;86,eco_bloom_campaign,EcoBloom Campaign,44,81,21,23,60,84.09,47.73,25.93,47.73,44.43
gemma-3n-e4b-it,True,3,UrbanEdge Social Media Strategy,6,Devon; Leah; Sam,5,86,10.97,7495,832,0.0,0.0,0.0,1;30;44;60;74;86,eco_bloom_campaign,EcoBloom Campaign,44,6,3,41,3,-86.36,6.82,50.0,6.82,44.43
gemma-3n-e4b-it,True,4,GreenScape Sustainability Report,6,Devon; Leah; Jordan,5,86,10.97,7495,832,0.0,0.0,0.0,1;45;65;79;85;86,eco_bloom_campaign,EcoBloom Campaign,44,6,4,40,2,-86.36,9.09,66.67,9.09,44.43
gemma-3n-e4b-it,True,5,TechNova Product Launch Campaign,5,Devon; Sam; Jordan,5,86,10.97,7495,832,0.0,0.0,0.0,1;63;77;82;86,eco_bloom_campaign,EcoBloom Campaign,44,5,4,40,1,-88.64,9.09,80.0,9.09,44.43
gpt-4o,True,1,EcoBloom Summer Campaign Initial Planning and Coordination,13,Devon; Sam; Leah; Jordan,15,300,100.0,22568,1964,0.0025,0.01,76.06,1;2;3;4;5;6;7;8;9;10;11;12;13,eco_bloom_campaign,EcoBloom Campaign,44,13,13,31,0,-70.45,29.55,100.0,29.55,69.48
gpt-4o,True,2,FitFusion Rebranding Project Kickoff and Planning,15,Devon; Sam; Leah; Jordan,15,300,100.0,22568,1964,0.0025,0.01,76.06,14;15;16;17;18;19;20;21;22;23;24;25;26;27;28,fitfusion_rebrand,FitFusion Rebranding,47,15,15,32,0,-68.09,31.91,100.0,31.91,69.48
gpt-4o,True,3,TechNova Product Launch Campaign Planning,15,Devon; Sam; Leah; Jordan,15,300,100.0,22568,1964,0.0025,0.01,76.06,29;30;31;32;33;34;35;36;37;38;39;40;41;42;43,technova_launch,TechNova Product Launch,68,15,15,53,0,-77.94,22.06,100.0,22.06,69.48
gpt-4o,True,4,GreenScape Sustainability Report Development,15,Devon; Sam; Leah; Jordan,15,300,100.0,22568,1964,0.0025,0.01,76.06,44;45;46;47;48;49;50;51;52;53;54;55;56;57;58,greenscape_report,GreenScape Sustainability Report,66,15,15,51,0,-77.27,22.73,100.0,22.73,69.48
gpt-4o,True,5,UrbanEdge Social Media Strategy Development,15,Devon; Sam; Leah; Jordan,15,300,100.0,22568,1964,0.0025,0.01,76.06,59;60;61;62;63;64;65;66;67;68;69;70;71;72;73,urbanedge_strategy,UrbanEdge Social Media Strategy,37,15,15,22,0,-59.46,40.54,100.0,40.54,69.48
gpt-4o,True,6,EcoBloom Campaign Design Revisions,15,Devon; Sam; Leah; Jordan,15,300,100.0,22568,1964,0.0025,0.01,76.06,74;75;76;77;78;79;80;81;82;83;84;85;86;87;88,eco_bloom_campaign,EcoBloom Campaign,44,15,15,29,0,-65.91,34.09,100.0,34.09,69.48
gpt-4o,True,7,FitFusion Rebranding Legal and Tagline Adjustments,23,Devon; Sam; Leah; Jordan,15,300,100.0,22568,1964,0.0025,0.01,76.06,89;90;91;92;93;94;95;96;97;98;99;100;101;102;103;104;105;106;107;108;109;110;111,fitfusion_rebrand,FitFusion Rebranding,47,23,23,24,0,-51.06,48.94,100.0,48.94,69.48
gpt-4o,True,8,Q3 Content Calendar Development,25,Devon; Sam; Leah; Jordan,15,300,100.0,22568,1964,0.0025,0.01,76.06,112;113;114;115;116;117;118;119;120;121;122;123;124;125;126;127;128;129;130;131;132;133;134;135;136,q3_content_calendar,Q3 Content Calendar,25,25,25,0,0,0.0,100.0,100.0,100.0,69.48
gpt-4o,True,9,TechNova Campaign Budget Finalization,31,Devon; Sam; Leah; Jordan,15,300,100.0,22568,1964,0.0025,0.01,76.06,137;138;139;140;141;142;143;144;145;146;147;148;149;150;151;152;153;154;155;156;157;158;159;160;161;162;163;164;165;166;167,technova_launch,TechNova Product Launch,68,31,31,37,0,-54.41,45.59,100.0,45.59,69.48
gpt-4o,True,10,GreenScape Sustainability Report Deadline Extension,29,Devon; Sam; Leah; Jordan,15,300,100.0,22568,1964,0.0025,0.01,76.06,168;169;170;171;172;173;174;175;176;177;178;179;180;181;182;183;184;185;186;187;188;189;190;191;192;193;194;195;196,greenscape_report,GreenScape Sustainability Report,66,29,29,37,0,-56.06,43.94,100.0,43.94,69.48
gpt-4o,True,11,EcoBloom Final Design Submission,16,Devon; Sam; Leah; Jordan,15,300,100.0,22568,1964,0.0025,0.01,76.06,197;198;199;200;201;202;203;204;205;206;207;208;209;210;211;212,eco_bloom_campaign,EcoBloom Campaign,44,16,16,28,0,-63.64,36.36,100.0,36.36,69.48
gpt-4o,True,12,FitFusion Brand Guidelines Development,22,Devon; Sam; Leah; Jordan,15,300,100.0,22568,1964,0.0025,0.01,76.06,213;214;215;216;217;218;219;220;221;222;223;224;225;226;227;228;229;230;231;232;233;234,fitfusion_rebrand,FitFusion Rebranding,47,22,9,38,13,-53.19,19.15,40.91,19.15,69.48
gpt-4o,True,13,TechNova Product Descriptions Finalization,22,Devon; Sam; Leah; Jordan,15,300,100.0,22568,1964,0.0025,0.01,76.06,235;236;237;238;239;240;241;242;243;244;245;246;247;248;249;250;251;252;253;254;255;256,technova_launch,TechNova Product Launch,68,22,22,46,0,-67.65,32.35,100.0,32.35,69.48
gpt-4o,True,14,GreenScape Data Visualizations for Sustainability Report,22,Devon; Sam; Leah; Jordan,15,300,100.0,22568,1964,0.0025,0.01,76.06,257;258;259;260;261;262;263;264;265;266;267;268;269;270;271;272;273;274;275;276;277;278,greenscape_report,GreenScape Sustainability Report,66,22,22,44,0,-66.67,33.33,100.0,33.33,69.48
gpt-4o,True,15,UrbanEdge Market Research for Expansion,22,Devon; Sam; Leah; Jordan,15,300,100.0,22568,1964,0.0025,0.01,76.06,279;280;281;282;283;284;285;286;287;288;289;290;291;292;293;294;295;296;297;298;299;300,urbanedge_strategy,UrbanEdge Social Media Strategy,37,22,22,15,0,-40.54,59.46,100.0,59.46,69.48
gpt-5,True,1,EcoBloom Summer Campaign Kickoff and Scheduling,13,Devon; Sam; Leah; Jordan,15,0,63.82,19405,4851,0.00125,0.01,72.76625,1;2;3;4;5;6;7;8;9;10;11;12;13;74;75;76;77;78;79;80;81;82;83;84;85;86;87;88;197;198;199;200;201;202;203;204;205;206;207;208;209;210;211;212,eco_bloom_campaign,EcoBloom Campaign,44,44,44,0,0,0.0,100.0,100.0,100.0,69.18
gpt-5,True,2,FitFusion Rebrand Kickoff and Timeline Planning,15,Devon; Sam; Leah; Jordan,15,0,63.82,19405,4851,0.00125,0.01,72.76625,14;15;16;17;18;19;20;21;22;23;24;25;26;27;28;89;90;91;92;93;94;95;96;97;98;99;100;101;102;103;104;105;106;107;108;109;110;111;213;214;215;216;217;218;219;220;221;222;223;224;225;226;227;228;229;230;231;232;233;234,fitfusion_rebrand,FitFusion Rebranding,47,60,47,0,13,27.66,100.0,78.33,100.0,69.18
gpt-5,True,3,TechNova Product Launch Kickoff and Milestones,15,Devon; Sam; Leah; Jordan,15,0,63.82,19405,4851,0.00125,0.01,72.76625,29;30;31;32;33;34;35;36;37;38;39;40;41;42;43;137;138;139;140;141;142;143;144;145;146;147;148;149;150;151;152;153;154;155;156;157;158;159;160;161;162;163;164;165;166;167;235;236;237;238;239;240;241;242;243;244;245;246;247;248;249;250;251;252;253;254;255;256,technova_launch,TechNova Product Launch,68,68,68,0,0,0.0,100.0,100.0,100.0,69.18
gpt-5,True,4,GreenScape Sustainability Report Kickoff and Timeline,15,Devon; Leah; Sam; Jordan,15,0,63.82,19405,4851,0.00125,0.01,72.76625,44;45;46;47;48;49;50;51;52;53;54;55;56;57;58;168;169;170;171;172;173;174;175;176;177;178;179;180;181;182;183;184;185;186;187;188;189;190;191;192;193;194;195;196;257;258;259;260;261;262;263;264;265;266;267;268;269;270;271;272;273;274;275;276;277;278,greenscape_report,GreenScape Sustainability Report,66,66,66,0,0,0.0,100.0,100.0,100.0,69.18
gpt-5,True,5,UrbanEdge Social Media Strategy Planning and Timelines,15,Devon; Leah; Sam; Jordan,15,0,63.82,19405,4851,0.00125,0.01,72.76625,59;60;61;62;63;64;65;66;67;68;69;70;71;72;73,urbanedge_strategy,UrbanEdge Social Media Strategy,37,15,15,22,0,-59.46,40.54,100.0,40.54,69.18
gpt-5,True,6,EcoBloom Campaign Revisions After Client Feedback,15,Devon; Sam; Leah; Jordan,15,0,63.82,19405,4851,0.00125,0.01,72.76625,112;113;114;115;116;117;118;119;120;121;122;123;124;125;126;127;128;129;130;131;132;133;134;135;136,q3_content_calendar,Q3 Content Calendar,25,25,25,0,0,0.0,100.0,100.0,100.0,69.18
gpt-5,True,7,FitFusion Trademark Review and Tagline Selection,23,Jordan; Devon; Sam; Leah,15,0,63.82,19405,4851,0.00125,0.01,72.76625,279;280;281;282;283;284;285;286;287;288;289;290;291;292;293;294;295;296;297;298;299;300,urbanedge_strategy,UrbanEdge Social Media Strategy,37,22,22,15,0,-40.54,59.46,100.0,59.46,69.18
gpt-5,True,8,Companywide Q3 Content Calendar Development,25,Devon; Leah; Sam; Jordan,15,0,63.82,19405,4851,0.00125,0.01,72.76625,0,,,0,0,0,0,0,0.0,0.0,0.0,0.0,69.18
gpt-5,True,9,TechNova Campaign Budget Development and Approval,31,Devon; Sam; Leah; Jordan,15,0,63.82,19405,4851,0.00125,0.01,72.76625,0,,,0,0,0,0,0,0.0,0.0,0.0,0.0,69.18
gpt-5,True,10,GreenScape Sustainability Report Deadline Extension Coordination,29,Devon; Leah; Sam; Jordan,15,0,63.82,19405,4851,0.00125,0.01,72.76625,0,,,0,0,0,0,0,0.0,0.0,0.0,0.0,69.18
gpt-5,True,11,EcoBloom Campaign Finalization and Legal Approval,16,Devon; Sam; Leah; Jordan,15,0,63.82,19405,4851,0.00125,0.01,72.76625,0,,,0,0,0,0,0,0.0,0.0,0.0,0.0,69.18
gpt-5,True,12,FitFusion Brand Guidelines Development and Legal Review,22,Devon; Sam; Leah; Jordan,15,0,63.82,19405,4851,0.00125,0.01,72.76625,0,,,0,0,0,0,0,0.0,0.0,0.0,0.0,69.18
gpt-5,True,13,TechNova Product Descriptions Development and Compliance,22,Devon; Leah; Sam; Jordan,15,0,63.82,19405,4851,0.00125,0.01,72.76625,0,,,0,0,0,0,0,0.0,0.0,0.0,0.0,69.18
gpt-5,True,14,GreenScape Data Visualizations Creation and Approval,22,Devon; Sam; Leah; Jordan,15,0,63.82,19405,4851,0.00125,0.01,72.76625,0,,,0,0,0,0,0,0.0,0.0,0.0,0.0,69.18
gpt-5,True,15,UrbanEdge Market Research Development and Compliance Review,22,Devon; Leah; Sam; Jordan,15,0,63.82,19405,4851,0.00125,0.01,72.76625,0,,,0,0,0,0,0,0.0,0.0,0.0,0.0,69.18
grok-2-1212,True,1,EcoBloom Summer Campaign Planning,13,Devon; Sam; Leah; Jordan,15,300,31.24,24871,2740,0.002,0.01,77.14200000000001,1;2;3;4;5;6;7;8;9;10;11;12;13,eco_bloom_campaign,EcoBloom Campaign,44,13,13,31,0,-70.45,29.55,100.0,29.55,69.48
grok-2-1212,True,2,FitFusion Rebranding Project Planning,15,Devon; Sam; Leah; Jordan,15,300,31.24,24871,2740,0.002,0.01,77.14200000000001,14;15;16;17;18;19;20;21;22;23;24;25;26;27;28,fitfusion_rebrand,FitFusion Rebranding,47,15,15,32,0,-68.09,31.91,100.0,31.91,69.48
grok-2-1212,True,3,TechNova Product Launch Planning,15,Devon; Sam; Leah; Jordan,15,300,31.24,24871,2740,0.002,0.01,77.14200000000001,29;30;31;32;33;34;35;36;37;38;39;40;41;42;43,technova_launch,TechNova Product Launch,68,15,15,53,0,-77.94,22.06,100.0,22.06,69.48
grok-2-1212,True,4,GreenScape Sustainability Report Planning,15,Devon; Sam; Leah; Jordan,15,300,31.24,24871,2740,0.002,0.01,77.14200000000001,44;45;46;47;48;49;50;51;52;53;54;55;56;57;58,greenscape_report,GreenScape Sustainability Report,66,15,15,51,0,-77.27,22.73,100.0,22.73,69.48
grok-2-1212,True,5,UrbanEdge Social Media Strategy Planning,15,Devon; Sam; Leah; Jordan,15,300,31.24,24871,2740,0.002,0.01,77.14200000000001,59;60;61;62;63;64;65;66;67;68;69;70;71;72;73,urbanedge_strategy,UrbanEdge Social Media Strategy,37,15,15,22,0,-59.46,40.54,100.0,40.54,69.48
grok-2-1212,True,6,EcoBloom Summer Campaign Revisions,15,Devon; Sam; Leah; Jordan,15,300,31.24,24871,2740,0.002,0.01,77.14200000000001,74;75;76;77;78;79;80;81;82;83;84;85;86;87;88,eco_bloom_campaign,EcoBloom Campaign,44,15,15,29,0,-65.91,34.09,100.0,34.09,69.48
grok-2-1212,True,7,FitFusion Rebranding Legal Review,23,Devon; Sam; Leah; Jordan,15,300,31.24,24871,2740,0.002,0.01,77.14200000000001,89;90;91;92;93;94;95;96;97;98;99;100;101;102;103;104;105;106;107;108;109;110;111,fitfusion_rebrand,FitFusion Rebranding,47,23,23,24,0,-51.06,48.94,100.0,48.94,69.48
grok-2-1212,True,8,Q3 Content Calendar Development,25,Devon; Sam; Leah; Jordan,15,300,31.24,24871,2740,0.002,0.01,77.14200000000001,112;113;114;115;116;117;118;119;120;121;122;123;124;125;126;127;128;129;130;131;132;133;134;135;136,q3_content_calendar,Q3 Content Calendar,25,25,25,0,0,0.0,100.0,100.0,100.0,69.48
grok-2-1212,True,9,TechNova Budget Finalization,31,Devon; Sam; Leah; Jordan,15,300,31.24,24871,2740,0.002,0.01,77.14200000000001,137;138;139;140;141;142;143;144;145;146;147;148;149;150;151;152;153;154;155;156;157;158;159;160;161;162;163;164;165;166;167,technova_launch,TechNova Product Launch,68,31,31,37,0,-54.41,45.59,100.0,45.59,69.48
grok-2-1212,True,10,GreenScape Sustainability Report Deadline Extension,29,Devon; Sam; Leah; Jordan,15,300,31.24,24871,2740,0.002,0.01,77.14200000000001,168;169;170;171;172;173;174;175;176;177;178;179;180;181;182;183;184;185;186;187;188;189;190;191;192;193;194;195;196,greenscape_report,GreenScape Sustainability Report,66,29,29,37,0,-56.06,43.94,100.0,43.94,69.48
grok-2-1212,True,11,EcoBloom Summer Campaign Finalization,16,Devon; Sam; Leah; Jordan,15,300,31.24,24871,2740,0.002,0.01,77.14200000000001,197;198;199;200;201;202;203;204;205;206;207;208;209;210;211;212,eco_bloom_campaign,EcoBloom Campaign,44,16,16,28,0,-63.64,36.36,100.0,36.36,69.48
grok-2-1212,True,12,FitFusion Brand Guidelines Development,22,Devon; Sam; Leah; Jordan,15,300,31.24,24871,2740,0.002,0.01,77.14200000000001,213;214;215;216;217;218;219;220;221;222;223;224;225;226;227;228;229;230;231;232;233;234,fitfusion_rebrand,FitFusion Rebranding,47,22,9,38,13,-53.19,19.15,40.91,19.15,69.48
grok-2-1212,True,13,TechNova Product Descriptions Development,22,Devon; Sam; Leah; Jordan,15,300,31.24,24871,2740,0.002,0.01,77.14200000000001,235;236;237;238;239;240;241;242;243;244;245;246;247;248;249;250;251;252;253;254;255;256,technova_launch,TechNova Product Launch,68,22,22,46,0,-67.65,32.35,100.0,32.35,69.48
grok-2-1212,True,14,GreenScape Data Visualizations Development,22,Devon; Sam; Leah; Jordan,15,300,31.24,24871,2740,0.002,0.01,77.14200000000001,257;258;259;260;261;262;263;264;265;266;267;268;269;270;271;272;273;274;275;276;277;278,greenscape_report,GreenScape Sustainability Report,66,22,22,44,0,-66.67,33.33,100.0,33.33,69.48
grok-2-1212,True,15,UrbanEdge Market Research Development,22,Devon; Sam; Leah; Jordan,15,300,31.24,24871,2740,0.002,0.01,77.14200000000001,279;280;281;282;283;284;285;286;287;288;289;290;291;292;293;294;295;296;297;298;299;300,urbanedge_strategy,UrbanEdge Social Media Strategy,37,22,22,15,0,-40.54,59.46,100.0,59.46,69.48
grok-2-vision-1212,True,1,EcoBloom Summer Campaign Development,29,Devon; Sam; Leah; Jordan,10,300,62.64,24871,2743,0.002,0.01,77.172,1;2;3;4;5;6;7;8;9;10;11;12;13;197;198;199;200;201;202;203;204;205;206;207;208;209;210;211;212,eco_bloom_campaign,EcoBloom Campaign,44,29,29,15,0,-34.09,65.91,100.0,65.91,81.45
grok-2-vision-1212,True,2,FitFusion Rebranding Project,38,Devon; Sam; Leah; Jordan,10,300,62.64,24871,2743,0.002,0.01,77.172,14;15;16;17;18;19;20;21;22;23;24;25;26;27;28;89;90;91;92;93;94;95;96;97;98;99;100;101;102;103;104;105;106;107;108;109;110;111,fitfusion_rebrand,FitFusion Rebranding,47,38,38,9,0,-19.15,80.85,100.0,80.85,81.45
grok-2-vision-1212,True,3,TechNova Product Launch Preparation,68,Devon; Sam; Leah; Jordan,10,300,62.64,24871,2743,0.002,0.01,77.172,29;30;31;32;33;34;35;36;37;38;39;40;41;42;43;137;138;139;140;141;142;143;144;145;146;147;148;149;150;151;152;153;154;155;156;157;158;159;160;161;162;163;164;165;166;167;235;236;237;238;239;240;241;242;243;244;245;246;247;248;249;250;251;252;253;254;255;256,technova_launch,TechNova Product Launch,68,68,68,0,0,0.0,100.0,100.0,100.0,81.45
grok-2-vision-1212,True,4,GreenScape Sustainability Report Development,66,Devon; Sam; Leah; Jordan,10,300,62.64,24871,2743,0.002,0.01,77.172,44;45;46;47;48;49;50;51;52;53;54;55;56;57;58;168;169;170;171;172;173;174;175;176;177;178;179;180;181;182;183;184;185;186;187;188;189;190;191;192;193;194;195;196;257;258;259;260;261;262;263;264;265;266;267;268;269;270;271;272;273;274;275;276;277;278,greenscape_report,GreenScape Sustainability Report,66,66,66,0,0,0.0,100.0,100.0,100.0,81.45
grok-2-vision-1212,True,5,UrbanEdge Market Expansion Research,37,Devon; Sam; Leah; Jordan,10,300,62.64,24871,2743,0.002,0.01,77.172,59;60;61;62;63;64;65;66;67;68;69;70;71;72;73;279;280;281;282;283;284;285;286;287;288;289;290;291;292;293;294;295;296;297;298;299;300,urbanedge_strategy,UrbanEdge Social Media Strategy,37,37,37,0,0,0.0,100.0,100.0,100.0,81.45
grok-2-vision-1212,True,6,EcoBloom Campaign Revisions,15,Devon; Sam; Leah; Jordan,10,300,62.64,24871,2743,0.002,0.01,77.172,74;75;76;77;78;79;80;81;82;83;84;85;86;87;88,eco_bloom_campaign,EcoBloom Campaign,44,15,15,29,0,-65.91,34.09,100.0,34.09,81.45
grok-2-vision-1212,True,7,Q3 Content Calendar Development,25,Devon; Sam; Leah; Jordan,10,300,62.64,24871,2743,0.002,0.01,77.172,112;113;114;115;116;117;118;119;120;121;122;123;124;125;126;127;128;129;130;131;132;133;134;135;136,q3_content_calendar,Q3 Content Calendar,25,25,25,0,0,0.0,100.0,100.0,100.0,81.45
grok-2-vision-1212,True,8,TechNova Budget Finalization,31,Devon; Sam; Leah; Jordan,10,300,62.64,24871,2743,0.002,0.01,77.172,137;138;139;140;141;142;143;144;145;146;147;148;149;150;151;152;153;154;155;156;157;158;159;160;161;162;163;164;165;166;167,technova_launch,TechNova Product Launch,68,31,31,37,0,-54.41,45.59,100.0,45.59,81.45
grok-2-vision-1212,True,9,GreenScape Deadline Extension,29,Devon; Sam; Leah; Jordan,10,300,62.64,24871,2743,0.002,0.01,77.172,168;169;170;171;172;173;174;175;176;177;178;179;180;181;182;183;184;185;186;187;188;189;190;191;192;193;194;195;196,greenscape_report,GreenScape Sustainability Report,66,29,29,37,0,-56.06,43.94,100.0,43.94,81.45
grok-2-vision-1212,True,10,FitFusion Brand Guidelines Development,22,Devon; Sam; Leah; Jordan,10,300,62.64,24871,2743,0.002,0.01,77.172,213;214;215;216;217;218;219;220;221;222;223;224;225;226;227;228;229;230;231;232;233;234,fitfusion_rebrand,FitFusion Rebranding,47,22,9,38,13,-53.19,19.15,40.91,19.15,81.45
grok-3,True,1,EcoBloom Summer Campaign Planning and Execution,44,Devon; Sam; Leah; Jordan,6,300,31.51,22397,1392,0.002,0.01,58.714000000000006,1;2;3;4;5;6;7;8;9;10;11;12;13;74;75;76;77;78;79;80;81;82;83;84;85;86;87;88;197;198;199;200;201;202;203;204;205;206;207;208;209;210;211;212,eco_bloom_campaign,EcoBloom Campaign,44,44,44,0,0,0.0,100.0,100.0,100.0,97.94
grok-3,True,2,FitFusion Rebranding Project,60,Devon; Sam; Leah; Jordan,6,300,31.51,22397,1392,0.002,0.01,58.714000000000006,14;15;16;17;18;19;20;21;22;23;24;25;26;27;28;89;90;91;92;93;94;95;96;97;98;99;100;101;102;103;104;105;106;107;108;109;110;111;213;214;215;216;217;218;219;220;221;222;223;224;225;226;227;228;229;230;231;232;233;234,fitfusion_rebrand,FitFusion Rebranding,47,60,47,0,13,27.66,100.0,78.33,100.0,97.94
grok-3,True,3,TechNova Smart Home Device Launch Campaign,68,Devon; Sam; Leah; Jordan,6,300,31.51,22397,1392,0.002,0.01,58.714000000000006,29;30;31;32;33;34;35;36;37;38;39;40;41;42;43;137;138;139;140;141;142;143;144;145;146;147;148;149;150;151;152;153;154;155;156;157;158;159;160;161;162;163;164;165;166;167;235;236;237;238;239;240;241;242;243;244;245;246;247;248;249;250;251;252;253;254;255;256,technova_launch,TechNova Product Launch,68,68,68,0,0,0.0,100.0,100.0,100.0,97.94
grok-3,True,4,GreenScape Sustainability Report Development,66,Devon; Sam; Leah; Jordan,6,300,31.51,22397,1392,0.002,0.01,58.714000000000006,44;45;46;47;48;49;50;51;52;53;54;55;56;57;58;168;169;170;171;172;173;174;175;176;177;178;179;180;181;182;183;184;185;186;187;188;189;190;191;192;193;194;195;196;257;258;259;260;261;262;263;264;265;266;267;268;269;270;271;272;273;274;275;276;277;278,greenscape_report,GreenScape Sustainability Report,66,66,66,0,0,0.0,100.0,100.0,100.0,97.94
grok-3,True,5,UrbanEdge Social Media Strategy and Market Expansion Research,37,Devon; Sam; Leah; Jordan,6,300,31.51,22397,1392,0.002,0.01,58.714000000000006,59;60;61;62;63;64;65;66;67;68;69;70;71;72;73;279;280;281;282;283;284;285;286;287;288;289;290;291;292;293;294;295;296;297;298;299;300,urbanedge_strategy,UrbanEdge Social Media Strategy,37,37,37,0,0,0.0,100.0,100.0,100.0,97.94
grok-3,True,6,Q3 Content Calendar Development,25,Devon; Sam; Leah; Jordan,6,300,31.51,22397,1392,0.002,0.01,58.714000000000006,112;113;114;115;116;117;118;119;120;121;122;123;124;125;126;127;128;129;130;131;132;133;134;135;136,q3_content_calendar,Q3 Content Calendar,25,25,25,0,0,0.0,100.0,100.0,100.0,97.94
gpt-3.5-turbo,False,0,,0,,0,0,0.0,0,0,0.0,0.0,0.0,0,,,0,0,0,0,0,0.0,0.0,0.0,0.0,0.0
gpt-4,False,0,,0,,0,0,0.0,0,0,0.0,0.0,0.0,0,,,0,0,0,0,0,0.0,0.0,0.0,0.0,0.0
